,index,player_total,dealer_card_up,double_ev,hit_ev,stand_ev,split_ev,best_action,dealer_hit_soft_17,double_after_split,blackjack_pays,surrender_allowed
0,2310,20,2,-1.7102471024710246,-0.8551235512355123,0.6322988229882299,,stand,True,True,1.5,True
1,2311,20,3,-1.7072620726207262,-0.8536310363103631,0.6432839328393284,,stand,True,True,1.5,True
2,2312,20,4,-1.7081570815708158,-0.8540785407854079,0.6538090380903809,,stand,True,True,1.5,True
3,2313,20,5,-1.7080420804208043,-0.8540210402104021,0.6689641896418964,,stand,True,True,1.5,True
4,2314,20,6,-1.7075320753207532,-0.8537660376603766,0.67679926799268,,stand,True,True,1.5,True
5,2315,20,7,-1.7004820048200482,-0.8502410024100241,0.7717427174271743,,stand,True,True,1.5,True
6,2316,20,8,-1.7027970279702798,-0.8513985139851399,0.7911879118791187,,stand,True,True,1.5,True
7,2317,20,9,-1.6989969899698998,-0.8494984949849499,0.755770057700577,,stand,True,True,1.5,True
8,2318,20,10,-1.7180271802718028,-0.8590135901359014,0.4374468744687447,,stand,True,True,1.5,True
9,2319,20,11,-1.8050080500805008,-0.9025040250402504,0.1156836568365683,,stand,True,True,1.5,True
10,2320,19,2,-1.460839608396084,-0.7295247952479524,0.3754387543875438,,stand,True,True,1.5,True
11,2321,19,3,-1.4573045730457304,-0.7271822718227182,0.3962214622146221,,stand,True,True,1.5,True
12,2322,19,4,-1.4512945129451291,-0.7288572885728857,0.4178641786417864,,stand,True,True,1.5,True
13,2323,19,5,-1.456069560695607,-0.7273647736477364,0.4358168581685817,,stand,True,True,1.5,True
14,2324,19,6,-1.4505845058450584,-0.7267722677226772,0.4523820238202382,,stand,True,True,1.5,True
15,2325,19,7,-1.4298342983429837,-0.7164271642716428,0.6147711477114771,,stand,True,True,1.5,True
16,2326,19,8,-1.4254892548925489,-0.714709647096471,0.5928934289342893,,stand,True,True,1.5,True
17,2327,19,9,-1.428419284192842,-0.7161871618716187,0.2895228952289523,,stand,True,True,1.5,True
18,2328,19,10,-1.3491134911349114,-0.6743617436174362,0.0587530875308753,,stand,True,True,1.5,True
19,2329,19,11,-1.013050130501305,-0.5067750677506775,0.1307713077130771,,stand,True,True,1.5,True
20,2330,18,2,-1.2465524655246552,-0.6244462444624447,0.1114961149611496,,stand,True,True,1.5,True
21,2331,18,3,-1.2410974109741095,-0.6207187071870719,0.1369038690386904,,stand,True,True,1.5,True
22,2332,18,4,-1.238452384523845,-0.6182261822618226,0.1652766527665276,,stand,True,True,1.5,True
23,2333,18,5,-1.2349923499234992,-0.6158311583115831,0.1962769627696277,,stand,True,True,1.5,True
24,2334,18,6,-1.2259372593725937,-0.6136761367613676,0.2225522255222552,,stand,True,True,1.5,True
25,2335,18,7,-1.1789367893678937,-0.5884808848088481,0.3983064830648306,,stand,True,True,1.5,True
26,2336,18,8,-1.1825068250682509,-0.589510895108951,0.1054410544105441,,stand,True,True,1.5,True
27,2337,18,9,-1.2321873218732189,-0.6169086690866908,-0.1812668126681267,,stand,True,True,1.5,True
28,2338,18,10,-1.1973969739697397,-0.5983059830598306,-0.1642991429914299,,stand,True,True,1.5,True
29,2339,18,11,-0.8857138571385714,-0.4430869308693086,-0.1537090370903709,,stand,True,True,1.5,True
30,2340,17,2,-1.0764557645576456,-0.536190361903619,-0.1571715717157171,,stand,True,True,1.5,True
31,2341,17,3,-1.0663656636566363,-0.5348128481284813,-0.1168811688116881,,stand,True,True,1.5,True
32,2342,17,4,-1.062320623206232,-0.5276877768777688,-0.0852533525335253,,stand,True,True,1.5,True
33,2343,17,5,-1.0479754797547975,-0.5221127211272113,-0.0457329573295733,,stand,True,True,1.5,True
34,2344,17,6,-1.038370383703837,-0.5225227252272523,-0.0063225632256322,,stand,True,True,1.5,True
35,2345,17,7,-0.9636346363463636,-0.4865398653986539,-0.1054360543605436,,stand,True,True,1.5,True
36,2346,17,8,-1.0115951159511596,-0.5041375413754138,-0.3812138121381214,,stand,True,True,1.5,True
37,2347,17,9,-1.1071060710607106,-0.5522455224552245,-0.4222692226922269,,stand,True,True,1.5,True
38,2348,17,10,-1.077960779607796,-0.5390678906789068,-0.3859238592385924,,stand,True,True,1.5,True
39,2349,17,11,-0.8043780437804378,-0.4004690046900469,-0.3569435694356943,,stand,True,True,1.5,True
40,2350,16,2,-0.9444094440944408,-0.47419974199742,-0.2861578615786158,,stand,True,True,1.5,True
41,2351,16,3,-0.9296492964929648,-0.4652671526715267,-0.2472524725247252,,stand,True,True,1.5,True
42,2352,16,4,-0.922139221392214,-0.4563295632956329,-0.2074470744707447,,stand,True,True,1.5,True
43,2353,16,5,-0.901959019590196,-0.4503820038200382,-0.1641816418164181,,stand,True,True,1.5,True
44,2354,16,6,-0.8853938539385394,-0.4433119331193312,-0.1203762037620376,,stand,True,True,1.5,True
45,2355,16,7,-0.8286032860328604,-0.4132616326163261,-0.4758147581475814,,hit,True,True,1.5,True
46,2356,16,8,-0.911079110791108,-0.4577270772707727,-0.5095150951509515,,hit,True,True,1.5,True
47,2357,16,9,-1.0179501795017951,-0.5057650576505766,-0.5426504265042651,,hit,True,True,1.5,True
48,2358,16,10,-0.996719967199672,-0.4992549925499255,-0.4997674976749767,,hit,True,True,1.5,True
49,2359,16,11,-0.7492174921749217,-0.3744287442874429,-0.4130691306913069,,hit,True,True,1.5,True
50,2360,15,2,-0.8357983579835798,-0.4163966639666396,-0.2854978549785498,,stand,True,True,1.5,True
51,2361,15,3,-0.8109081090810908,-0.4078465784657846,-0.2488674886748867,,stand,True,True,1.5,True
52,2362,15,4,-0.7928179281792818,-0.3966964669646696,-0.2058870588705887,,stand,True,True,1.5,True
53,2363,15,5,-0.7740677406774068,-0.3867838678386784,-0.1650666506665066,,stand,True,True,1.5,True
54,2364,15,6,-0.7505575055750557,-0.3750612506125061,-0.1225262252622526,,stand,True,True,1.5,True
55,2365,15,7,-0.7492674926749268,-0.3683761837618376,-0.4751647516475165,,hit,True,True,1.5,True
56,2366,15,8,-0.8398383983839839,-0.4190741907419074,-0.509740097400974,,hit,True,True,1.5,True
57,2367,15,9,-0.950009500095001,-0.4693221932219322,-0.5400054000540006,,hit,True,True,1.5,True
58,2368,15,10,-0.9346093460934608,-0.4652671526715267,-0.4981624816248162,,hit,True,True,1.5,True
59,2369,15,11,-0.7065320653206532,-0.3514060140601406,-0.4151791517915179,,hit,True,True,1.5,True
60,2370,14,2,-0.7290872908729087,-0.3625336253362534,-0.2908979089790898,,stand,True,True,1.5,True
61,2371,14,3,-0.7018370183701838,-0.3484909849098491,-0.2483524835248352,,stand,True,True,1.5,True
62,2372,14,4,-0.6665616656166562,-0.3385258852588526,-0.2060720607206072,,stand,True,True,1.5,True
63,2373,14,5,-0.6401364013640136,-0.3219682196821968,-0.1656516565165651,,stand,True,True,1.5,True
64,2374,14,6,-0.6186211862118621,-0.3081855818558185,-0.1242212422124221,,stand,True,True,1.5,True
65,2375,14,7,-0.6658716587165872,-0.3203932039320393,-0.4741147411474115,,hit,True,True,1.5,True
66,2376,14,8,-0.7644926449264493,-0.3729587295872958,-0.5094700947009471,,hit,True,True,1.5,True
67,2377,14,9,-0.8803238032380324,-0.4302043020430204,-0.539950399503995,,hit,True,True,1.5,True
68,2378,14,10,-0.8647986479864799,-0.4305968059680596,-0.4982999829998299,,hit,True,True,1.5,True
69,2379,14,11,-0.6622016220162201,-0.3253132531325313,-0.4131641316413164,,hit,True,True,1.5,True
70,2380,13,2,-0.6187161871618716,-0.309120591205912,-0.2876478764787648,,stand,True,True,1.5,True
71,2381,13,3,-0.5773907739077391,-0.2928279282792828,-0.2453774537745377,,stand,True,True,1.5,True
72,2382,13,4,-0.5453404534045341,-0.2734377343773437,-0.2058770587705877,,stand,True,True,1.5,True
73,2383,13,5,-0.509730097300973,-0.2550125501255013,-0.1635166351663516,,stand,True,True,1.5,True
74,2384,13,6,-0.4759547595475955,-0.2385273852738527,-0.1205162051620516,,stand,True,True,1.5,True
75,2385,13,7,-0.5804058040580405,-0.2685626856268562,-0.4752247522475225,,hit,True,True,1.5,True
76,2386,13,8,-0.6883818838188381,-0.3247757477574776,-0.5106551065510655,,hit,True,True,1.5,True
77,2387,13,9,-0.8072030720307203,-0.3850038500385004,-0.5418754187541875,,hit,True,True,1.5,True
78,2388,13,10,-0.8064930649306493,-0.3944114441144411,-0.500620006200062,,hit,True,True,1.5,True
79,2389,13,11,-0.6236112361123611,-0.2957729577295773,-0.4124941249412494,,hit,True,True,1.5,True
80,2390,12,2,-0.508610086100861,-0.2512250122501225,-0.2856328563285633,,hit,True,True,1.5,True
81,2391,12,3,-0.4682146821468215,-0.2323873238732387,-0.2475524755247552,,hit,True,True,1.5,True
82,2392,12,4,-0.4277692776927769,-0.2137921379213792,-0.2064070640706407,,stand,True,True,1.5,True
83,2393,12,5,-0.3873788737887378,-0.1970044700447004,-0.1639166391663916,,stand,True,True,1.5,True
84,2394,12,6,-0.3430284302843028,-0.1714492144921449,-0.1212412124121241,,stand,True,True,1.5,True
85,2395,12,7,-0.5038350383503835,-0.2129271292712927,-0.4720447204472044,,hit,True,True,1.5,True
86,2396,12,8,-0.6166211662116621,-0.2706477064770647,-0.510640106401064,,hit,True,True,1.5,True
87,2397,12,9,-0.7337523375233752,-0.3393108931089311,-0.5429704297042971,,hit,True,True,1.5,True
88,2398,12,10,-0.7391223912239122,-0.3527460274602746,-0.5003850038500385,,hit,True,True,1.5,True
89,2399,12,11,-0.5815508155081551,-0.2675226752267522,-0.4142166421664217,,hit,True,True,1.5,True
90,2400,11,2,0.47489974899749,0.2383223832238322,-0.2874728747287473,,double,True,True,1.5,True
91,2401,11,3,0.5253352533525335,0.2623726237262372,-0.2471024710247102,,double,True,True,1.5,True
92,2402,11,4,0.562870628706287,0.2829028290282903,-0.2069120691206912,,double,True,True,1.5,True
93,2403,11,5,0.6140711407114071,0.3102056020560205,-0.1659416594165941,,double,True,True,1.5,True
94,2404,11,6,0.6664916649166491,0.3332058320583206,-0.1226512265122651,,double,True,True,1.5,True
95,2405,11,7,0.4655246552465524,0.289920399203992,-0.475879758797588,,double,True,True,1.5,True
96,2406,11,8,0.3550935509355093,0.2280622806228062,-0.510120101201012,,double,True,True,1.5,True
97,2407,11,9,0.2237272372723727,0.1584215842158421,-0.5402604026040261,,double,True,True,1.5,True
98,2408,11,10,0.1610116101161011,0.1075585755857558,-0.4969999699997,,double,True,True,1.5,True
99,2409,11,11,0.0738657386573865,0.073450734507345,-0.4156141561415614,,double,True,True,1.5,True
100,2410,10,2,0.3576285762857628,0.1812318123181232,-0.2897128971289713,,double,True,True,1.5,True
101,2411,10,3,0.4069540695406954,0.2042145421454214,-0.2459224592245922,,double,True,True,1.5,True
102,2412,10,4,0.4611246112461125,0.229679796797968,-0.2048020480204802,,double,True,True,1.5,True
103,2413,10,5,0.517070170701707,0.25370003700037,-0.1629166291662916,,double,True,True,1.5,True
104,2414,10,6,0.5664156641566416,0.2852928529285293,-0.1199961999619996,,double,True,True,1.5,True
105,2415,10,7,0.3956589565895659,0.256620066200662,-0.4748197481974819,,double,True,True,1.5,True
106,2416,10,8,0.2845978459784598,0.1972319723197232,-0.510110101101011,,double,True,True,1.5,True
107,2417,10,9,0.1426214262142621,0.1152136521365213,-0.5429454294542946,,double,True,True,1.5,True
108,2418,10,10,-0.0021750217502175,0.024150241502415,-0.498509985099851,,hit,True,True,1.5,True
109,2419,10,11,-0.0248752487524875,0.0230752307523075,-0.4153241532415324,,hit,True,True,1.5,True
110,2420,soft_20,2,0.3574185741857418,0.1797417974179742,0.6357688576885769,,stand,True,True,1.5,True
111,2421,soft_20,3,0.4089040890408904,0.2069545695456954,0.6449664496644967,,stand,True,True,1.5,True
112,2422,soft_20,4,0.460659606596066,0.232269822698227,0.6569340693406934,,stand,True,True,1.5,True
113,2423,soft_20,5,0.5108751087510875,0.258250082500825,0.6686866868668687,,stand,True,True,1.5,True
114,2424,soft_20,6,0.556970569705697,0.282950329503295,0.6771917719177192,,stand,True,True,1.5,True
115,2425,soft_20,7,0.3925739257392573,0.255480054800548,0.7747452474524745,,stand,True,True,1.5,True
116,2426,soft_20,8,0.2844728447284473,0.1966794667946679,0.7915329153291533,,stand,True,True,1.5,True
117,2427,soft_20,9,0.1417614176141761,0.1142786427864278,0.7579675796757968,,stand,True,True,1.5,True
118,2428,soft_20,10,-0.0045250452504525,0.0239652396523965,0.5123851238512385,,stand,True,True,1.5,True
119,2429,soft_20,11,-0.0216752167521675,0.022160221602216,0.4161816618166181,,stand,True,True,1.5,True
120,2430,soft_19,2,0.2429824298242982,0.1234587345873458,0.3790262902629026,,stand,True,True,1.5,True
121,2431,soft_19,3,0.2939329393293933,0.1479364793647936,0.3983589835898359,,stand,True,True,1.5,True
122,2432,soft_19,4,0.3526135261352613,0.1762342623426234,0.4154341543415434,,stand,True,True,1.5,True
123,2433,soft_19,5,0.4066890668906689,0.2027070270702707,0.4356318563185631,,stand,True,True,1.5,True
124,2434,soft_19,6,0.4574045740457405,0.2289222892228922,0.4540870408704087,,double,True,True,1.5,True
125,2435,soft_19,7,0.3220582205822058,0.2182871828718287,0.6176586765867659,,stand,True,True,1.5,True
126,2436,soft_19,8,0.1904319043190432,0.1505440054400544,0.5908859088590885,,stand,True,True,1.5,True
127,2437,soft_19,9,-0.072570725707257,0.008550085500855,0.2875353753537535,,stand,True,True,1.5,True
128,2438,soft_19,10,-0.2127221272212722,-0.08140081400814,0.0571380713807138,,stand,True,True,1.5,True
129,2439,soft_19,11,-0.1525865258652586,-0.0437854378543785,0.1300963009630096,,stand,True,True,1.5,True
130,2440,soft_18,2,0.1139611396113961,0.059950599505995,0.1102886028860288,,double,True,True,1.5,True
131,2441,soft_18,3,0.1754617546175461,0.0898858988589886,0.1377213772137721,,double,True,True,1.5,True
132,2442,soft_18,4,0.2281422814228142,0.1175236752367523,0.1660041600416004,,double,True,True,1.5,True
133,2443,soft_18,5,0.2885628856288563,0.1494414944149441,0.1950369503695037,,double,True,True,1.5,True
134,2444,soft_18,6,0.3516735167351673,0.1771442714427144,0.2237347373473734,,double,True,True,1.5,True
135,2445,soft_18,7,0.2234522345223452,0.1703642036420364,0.3999014990149901,,stand,True,True,1.5,True
136,2446,soft_18,8,-0.0289152891528915,0.0395328953289532,0.1031160311603116,,stand,True,True,1.5,True
137,2447,soft_18,9,-0.2875178751787517,-0.1005010050100501,-0.1818243182431824,,hit,True,True,1.5,True
138,2448,soft_18,10,-0.3193381933819338,-0.1312963129631296,-0.1623991239912399,,hit,True,True,1.5,True
139,2449,soft_18,11,-0.2899428994289943,-0.1114336143361433,-0.1541665416654166,,hit,True,True,1.5,True
140,2450,soft_17,2,-0.008770087700877,-0.002460024600246,-0.1572640726407264,,hit,True,True,1.5,True
141,2451,soft_17,3,0.0525955259552595,0.0288727887278872,-0.1213137131371313,,double,True,True,1.5,True
142,2452,soft_17,4,0.1124311243112431,0.065870658706587,-0.0844758447584475,,double,True,True,1.5,True
143,2453,soft_17,5,0.1831768317683176,0.0963484634846348,-0.047390473904739,,double,True,True,1.5,True
144,2454,soft_17,6,0.2489574895748957,0.1358713587135871,-0.0050025500255002,,double,True,True,1.5,True
145,2455,soft_17,7,-0.012850128501285,0.0535730357303573,-0.1079660796607966,,hit,True,True,1.5,True
146,2456,soft_17,8,-0.2540475404754047,-0.0716657166571665,-0.3799562995629956,,hit,True,True,1.5,True
147,2457,soft_17,9,-0.3968689686896869,-0.1499214992149921,-0.4233367333673337,,hit,True,True,1.5,True
148,2458,soft_17,10,-0.4177241772417724,-0.1816543165431654,-0.3862788627886279,,hit,True,True,1.5,True
149,2459,soft_17,11,-0.3836438364383643,-0.1526490264902649,-0.3563210632106321,,hit,True,True,1.5,True
150,2460,soft_16,2,-0.0717757177571775,-0.0215252152521525,-0.2867828678286783,,hit,True,True,1.5,True
151,2461,soft_16,3,-0.0057250572505725,0.018340183401834,-0.2472674726747267,,hit,True,True,1.5,True
152,2462,soft_16,4,0.0574955749557495,0.0467429674296743,-0.2053520535205352,,double,True,True,1.5,True
153,2463,soft_16,5,0.1276112761127611,0.0853958539585395,-0.1624516245162451,,double,True,True,1.5,True
154,2464,soft_16,6,0.1889518895188952,0.1214987149871498,-0.1203362033620336,,double,True,True,1.5,True
155,2465,soft_16,7,-0.1843368433684336,-0.0014525145251452,-0.4756547565475654,,hit,True,True,1.5,True
156,2466,soft_16,8,-0.3145181451814518,-0.0668781687816878,-0.510310103101031,,hit,True,True,1.5,True
157,2467,soft_16,9,-0.4574345743457434,-0.1468014680146801,-0.5406654066540666,,hit,True,True,1.5,True
158,2468,soft_16,10,-0.4722397223972239,-0.1912269122691227,-0.4995874958749587,,hit,True,True,1.5,True
159,2469,soft_16,11,-0.4126591265912659,-0.1421039210392103,-0.4142716427164272,,hit,True,True,1.5,True
160,2470,soft_15,2,-0.0781457814578145,0.000560005600056,-0.2878578785787858,,hit,True,True,1.5,True
161,2471,soft_15,3,-0.010410104101041,0.0326778267782677,-0.2439224392243922,,hit,True,True,1.5,True
162,2472,soft_15,4,0.0684156841568415,0.0604056040560405,-0.2068620686206862,,double,True,True,1.5,True
163,2473,soft_15,5,0.1286712867128671,0.1073660736607366,-0.1652716527165271,,double,True,True,1.5,True
164,2474,soft_15,6,0.1954169541695417,0.1522390223902239,-0.1218712187121871,,double,True,True,1.5,True
165,2475,soft_15,7,-0.1852768527685276,0.0367728677286772,-0.476069760697607,,hit,True,True,1.5,True
166,2476,soft_15,8,-0.3104831048310483,-0.027010270102701,-0.5110751107511076,,hit,True,True,1.5,True
167,2477,soft_15,9,-0.4496394963949639,-0.1100986009860098,-0.5429554295542955,,hit,True,True,1.5,True
168,2478,soft_15,10,-0.4749747497474975,-0.1614891148911489,-0.4974574745747457,,hit,True,True,1.5,True
169,2479,soft_15,11,-0.4070790707907079,-0.1169511695116951,-0.4107391073910739,,hit,True,True,1.5,True
170,2480,soft_14,2,-0.0684956849568495,0.0201327013270132,-0.2873578735787357,,hit,True,True,1.5,True
171,2481,soft_14,3,-0.002090020900209,0.0551430514305143,-0.2448174481744817,,hit,True,True,1.5,True
172,2482,soft_14,4,0.055550555505555,0.0961234612346123,-0.2075520755207552,,hit,True,True,1.5,True
173,2483,soft_14,5,0.1354613546135461,0.1251162511625116,-0.1660266602666026,,double,True,True,1.5,True
174,2484,soft_14,6,0.1963619636196362,0.1801343013430134,-0.1215162151621516,,double,True,True,1.5,True
175,2485,soft_14,7,-0.1833518335183351,0.0798782987829878,-0.4755797557975579,,hit,True,True,1.5,True
176,2486,soft_14,8,-0.3101731017310173,0.0153076530765307,-0.508210082100821,,hit,True,True,1.5,True
177,2487,soft_14,9,-0.4558295582955829,-0.0740007400074,-0.5405554055540556,,hit,True,True,1.5,True
178,2488,soft_14,10,-0.4690096900969009,-0.1273287732877328,-0.4973874738747387,,hit,True,True,1.5,True
179,2489,soft_14,11,-0.4034440344403444,-0.0950059500595005,-0.4122791227912279,,hit,True,True,1.5,True
180,2490,soft_13,2,-0.072870728707287,0.046420464204642,-0.2858028580285803,,hit,True,True,1.5,True
181,2491,soft_13,3,-0.005610056100561,0.0766132661326613,-0.2465374653746537,,hit,True,True,1.5,True
182,2492,soft_13,4,0.063120631206312,0.1152636526365263,-0.2037920379203792,,hit,True,True,1.5,True
183,2493,soft_13,5,0.1625916259162591,0.1275712757127571,-0.1648566485664856,,double,True,True,1.5,True
184,2494,soft_13,6,0.2028595285952859,0.1980119801198012,-0.1220912209122091,,double,True,True,1.5,True
185,2495,soft_13,7,-0.1815168151681516,0.1240887408874088,-0.476319763197632,,hit,True,True,1.5,True
186,2496,soft_13,8,-0.3096080960809608,0.0535030350303503,-0.5086750867508675,,hit,True,True,1.5,True
187,2497,soft_13,9,-0.4526245262452624,-0.0362953629536295,-0.5433054330543305,,hit,True,True,1.5,True
188,2498,soft_13,10,-0.478709787097871,-0.0982509825098251,-0.500620006200062,,hit,True,True,1.5,True
189,2499,soft_13,11,-0.4085740857408574,-0.0702882028820288,-0.4128666286662866,,hit,True,True,1.5,True
190,2500,9,2,0.0611656116561165,0.0912259122591225,-0.2873228732287323,,hit,True,True,1.5,True
191,2501,9,3,0.1186211862118621,0.1142261422614226,-0.2468174681746817,,double,True,True,1.5,True
192,2502,9,4,0.1805568055680556,0.1493714937149371,-0.2067270672706727,,double,True,True,1.5,True
193,2503,9,5,0.2428574285742857,0.1800243002430024,-0.1632816328163281,,double,True,True,1.5,True
194,2504,9,6,0.3043430434304343,0.2133821338213382,-0.1216662166621666,,double,True,True,1.5,True
195,2505,9,7,0.1042160421604216,0.1851718517185172,-0.4761847618476185,,hit,True,True,1.5,True
196,2506,9,8,-0.0272952729527295,0.1048510485104851,-0.508380083800838,,hit,True,True,1.5,True
197,2507,9,9,-0.2994579945799458,-0.0450554505545055,-0.5390403904039041,,hit,True,True,1.5,True
198,2508,9,10,-0.4280542805428054,-0.1354388543885439,-0.4978474784747847,,hit,True,True,1.5,True
199,2509,9,11,-0.3133231332313323,-0.0832358323583235,-0.4134516345163451,,hit,True,True,1.5,True
200,2510,8,2,-0.2052020520205202,0.009210092100921,-0.2855378553785538,,hit,True,True,1.5,True
201,2511,8,3,-0.1390413904139041,0.042520425204252,-0.2484624846248462,,hit,True,True,1.5,True
202,2512,8,4,-0.0693356933569335,0.0756432564325643,-0.2083370833708337,,hit,True,True,1.5,True
203,2513,8,5,0.0051850518505185,0.1136686366863668,-0.1624516245162451,,hit,True,True,1.5,True
204,2514,8,6,0.077520775207752,0.1529765297652976,-0.1218862188621886,,hit,True,True,1.5,True
205,2515,8,7,-0.1876568765687657,0.1053735537355373,-0.4729947299472994,,hit,True,True,1.5,True
206,2516,8,8,-0.4570295702957029,-0.0407354073540735,-0.513510135101351,,hit,True,True,1.5,True
207,2517,8,9,-0.7181521815218153,-0.2024420244202442,-0.5428454284542845,,hit,True,True,1.5,True
208,2518,8,10,-0.6880718807188072,-0.2231697316973169,-0.5004450044500445,,hit,True,True,1.5,True
209,2519,8,11,-0.5771057710577105,-0.1807568075680757,-0.4137291372913729,,hit,True,True,1.5,True
210,2520,7,2,-0.4325393253932539,-0.0756932569325693,-0.2878328783287833,,hit,True,True,1.5,True
211,2521,7,3,-0.3536885368853688,-0.0369728697286972,-0.2469424694246942,,hit,True,True,1.5,True
212,2522,7,4,-0.2755077550775507,0.0086075860758607,-0.2067870678706787,,hit,True,True,1.5,True
213,2523,7,5,-0.2004920049200492,0.0498029980299803,-0.1648016480164801,,hit,True,True,1.5,True
214,2524,7,6,-0.1217812178121781,0.0995309953099531,-0.1171411714117141,,hit,True,True,1.5,True
215,2525,7,7,-0.5880908809088091,-0.0456754567545675,-0.4735547355473555,,hit,True,True,1.5,True
216,2526,7,8,-0.8453434534345343,-0.1925794257942579,-0.5101351013510135,,hit,True,True,1.5,True
217,2527,7,9,-0.956109561095611,-0.2749977499774997,-0.5417654176541765,,hit,True,True,1.5,True
218,2528,7,10,-0.8731487314873149,-0.2887078870788708,-0.4993649936499365,,hit,True,True,1.5,True
219,2529,7,11,-0.7539725397253972,-0.2408174081740817,-0.4150191501915019,,hit,True,True,1.5,True
220,2530,6,2,-0.5522555225552256,-0.1038310383103831,-0.2891478914789148,,hit,True,True,1.5,True
221,2531,6,3,-0.4763447634476345,-0.0630556305563055,-0.2467474674746747,,hit,True,True,1.5,True
222,2532,6,4,-0.3917389173891739,-0.022840228402284,-0.2066670666706667,,hit,True,True,1.5,True
223,2533,6,5,-0.3100031000310003,0.025930259302593,-0.1638116381163811,,hit,True,True,1.5,True
224,2534,6,6,-0.2223822238222382,0.0784882848828488,-0.1244962449624496,,hit,True,True,1.5,True
225,2535,6,7,-0.8942839428394284,-0.1214812148121481,-0.4740297402974029,,hit,True,True,1.5,True
226,2536,6,8,-0.9961249612496124,-0.1976669766697667,-0.5082950829508295,,hit,True,True,1.5,True
227,2537,6,9,-1.0707357073570736,-0.2841953419534195,-0.5439154391543916,,hit,True,True,1.5,True
228,2538,6,10,-0.9796447964479644,-0.3057830578305783,-0.4999324993249932,,hit,True,True,1.5,True
229,2539,6,11,-0.8169281692816928,-0.2365273652736527,-0.4121641216412164,,hit,True,True,1.5,True
230,2540,5,2,-0.5723857238572386,-0.0824533245332453,-0.2880278802788028,,hit,True,True,1.5,True
231,2541,5,3,-0.4943949439494395,-0.050440504405044,-0.2478924789247892,,hit,True,True,1.5,True
232,2542,5,4,-0.4146541465414654,-0.0060550605506055,-0.2084070840708407,,hit,True,True,1.5,True
233,2543,5,5,-0.3253432534325343,0.03870038700387,-0.1641916419164191,,hit,True,True,1.5,True
234,2544,5,6,-0.2465424654246542,0.0864783647836478,-0.1205362053620536,,hit,True,True,1.5,True
235,2545,5,7,-0.952949529495295,-0.0909784097840978,-0.4751247512475124,,hit,True,True,1.5,True
236,2546,5,8,-1.022050220502205,-0.1677691776917769,-0.510290102901029,,hit,True,True,1.5,True
237,2547,5,9,-1.08370083700837,-0.2532175321753218,-0.5437454374543745,,hit,True,True,1.5,True
238,2548,5,10,-0.9945649456494564,-0.284290342903429,-0.4973024730247302,,hit,True,True,1.5,True
239,2549,5,11,-0.8269982699826999,-0.2192746927469274,-0.4129716297162971,,hit,True,True,1.5,True
240,2550,paired_20,2,-1.7091520915209153,-0.8561785617856179,0.6354213542135422,0.1673079230792307,stand,True,True,1.5,True
241,2551,paired_20,3,-1.7086720867208671,-0.8556435564355643,0.6468714687146871,0.2670951709517095,stand,True,True,1.5,True
242,2552,paired_20,4,-1.7076970769707698,-0.8541360413604137,0.6569965699656997,0.3706949569495695,stand,True,True,1.5,True
243,2553,paired_20,5,-1.7105521055210553,-0.8542085420854209,0.6681216812168121,0.4892361423614236,stand,True,True,1.5,True
244,2554,paired_20,6,-1.7101421014210143,-0.8534835348353483,0.6777942779427795,0.6070685706857069,stand,True,True,1.5,True
245,2555,paired_20,7,-1.7057420574205742,-0.8516485164851648,0.7718927189271892,0.3301545515455154,stand,True,True,1.5,True
246,2556,paired_20,8,-1.7044270442704428,-0.8507860078600786,0.7923129231292313,-0.0090388403884038,stand,True,True,1.5,True
247,2557,paired_20,9,-1.7034420344203445,-0.8509510095100951,0.7576525765257652,-0.374159991599916,stand,True,True,1.5,True
248,2558,paired_20,10,-1.5661706617066171,-0.7832628326283263,0.5134576345763457,-0.4868961189611896,stand,True,True,1.5,True
249,2559,paired_20,11,-1.1832668326683269,-0.5908284082840829,0.4175491754917549,-0.3765675156751567,stand,True,True,1.5,True
250,2560,paired_18,2,-1.2440924409244092,-0.6221387213872138,0.1106636066360663,0.1949519495194951,split,True,True,1.5,True
251,2561,paired_18,3,-1.2439124391243912,-0.6210337103371034,0.1387888878888789,0.2592775927759277,split,True,True,1.5,True
252,2562,paired_18,4,-1.2413774137741378,-0.6188661886618866,0.1665441654416544,0.3270682706827068,split,True,True,1.5,True
253,2563,paired_18,5,-1.2325973259732597,-0.6144361443614436,0.1959969599695997,0.3941389413894139,split,True,True,1.5,True
254,2564,paired_18,6,-1.2276272762727627,-0.6146411464114642,0.2228172281722817,0.4640421404214042,split,True,True,1.5,True
255,2565,paired_18,7,-1.186091860918609,-0.5933234332343323,0.3998189981899819,0.3637161371613716,stand,True,True,1.5,True
256,2566,paired_18,8,-1.1788167881678815,-0.593130931309313,0.1053585535855358,0.2367748677486774,split,True,True,1.5,True
257,2567,paired_18,9,-1.2317323173231731,-0.6152386523865239,-0.1829993299932999,-0.0768632686326863,split,True,True,1.5,True
258,2568,paired_18,10,-1.1974219742197425,-0.5966884668846688,-0.1639191391913919,-0.2918054180541805,stand,True,True,1.5,True
259,2569,paired_18,11,-0.8892838928389284,-0.4417719177191772,-0.1547615476154761,-0.1764817648176481,stand,True,True,1.5,True
260,2570,paired_16,2,-0.9409344093440934,-0.4725672256722567,-0.2872778727787278,0.072330723307233,split,True,True,1.5,True
261,2571,paired_16,3,-0.933079330793308,-0.4685371853718537,-0.2456174561745617,0.1448039480394804,split,True,True,1.5,True
262,2572,paired_16,4,-0.9193691936919368,-0.4595570955709557,-0.2083170831708317,0.2201697016970169,split,True,True,1.5,True
263,2573,paired_16,5,-0.9071240712407124,-0.4475869758697587,-0.1661866618666186,0.30230052300523,split,True,True,1.5,True
264,2574,paired_16,6,-0.8884438844388444,-0.4426544265442654,-0.1211862118621186,0.3883938839388394,split,True,True,1.5,True
265,2575,paired_16,7,-0.8273332733327333,-0.4175591755917559,-0.475319753197532,0.3247932479324793,split,True,True,1.5,True
266,2576,paired_16,8,-0.9157541575415754,-0.4563620636206362,-0.508210082100821,-0.0198326983269832,split,True,True,1.5,True
267,2577,paired_16,9,-1.017230172301723,-0.5101551015510155,-0.5425704257042571,-0.3822713227132271,split,True,True,1.5,True
268,2578,paired_16,10,-0.9960249602496024,-0.497369973699737,-0.4965524655246552,-0.4414894148941489,split,True,True,1.5,True
269,2579,paired_16,11,-0.7527075270752708,-0.3761162611626116,-0.4149166491664917,-0.3629786297862978,split,True,True,1.5,True
270,2580,paired_14,2,-0.7322873228732287,-0.3647111471114711,-0.2835578355783558,-0.1233712337123371,split,True,True,1.5,True
271,2581,paired_14,3,-0.6945869458694587,-0.3481884818848188,-0.2462824628246282,-0.0426379263792637,split,True,True,1.5,True
272,2582,paired_14,4,-0.6705867058670587,-0.3358983589835898,-0.2047820478204782,0.0481029810298102,split,True,True,1.5,True
273,2583,paired_14,5,-0.6417164171641716,-0.3173856738567385,-0.1631116311163111,0.1461664616646166,split,True,True,1.5,True
274,2584,paired_14,6,-0.6152511525115251,-0.3086430864308643,-0.1218262182621826,0.2520750207502075,split,True,True,1.5,True
275,2585,paired_14,7,-0.6693166931669317,-0.3212032120321203,-0.4744697446974469,-0.0444554445544455,split,True,True,1.5,True
276,2586,paired_14,8,-0.7653526535265353,-0.3701237012370124,-0.5078850788507885,-0.3874438744387444,hit,True,True,1.5,True
277,2587,paired_14,9,-0.8790537905379053,-0.4315343153431534,-0.543260432604326,-0.578950789507895,hit,True,True,1.5,True
278,2588,paired_14,10,-0.8681786817868179,-0.4313543135431354,-0.4957974579745797,-0.6015335153351533,hit,True,True,1.5,True
279,2589,paired_14,11,-0.6647366473664736,-0.324430744307443,-0.4152541525415254,-0.51370013700137,hit,True,True,1.5,True
280,2590,paired_12,2,-0.505330053300533,-0.2535850358503585,-0.2861828618286183,-0.1947394473944739,split,True,True,1.5,True
281,2591,paired_12,3,-0.4668546685466854,-0.23239982399824,-0.2450424504245042,-0.1026010260102601,split,True,True,1.5,True
282,2592,paired_12,4,-0.4255692556925569,-0.2124771247712477,-0.2063570635706357,-0.0058525585255852,split,True,True,1.5,True
283,2593,paired_12,5,-0.3882188821888219,-0.1930644306443064,-0.1658366583665836,0.093480934809348,split,True,True,1.5,True
284,2594,paired_12,6,-0.3365933659336593,-0.1695366953669536,-0.1225812258122581,0.1974944749447494,split,True,True,1.5,True
285,2595,paired_12,7,-0.502780027800278,-0.2115796157961579,-0.4738647386473865,-0.2531150311503115,hit,True,True,1.5,True
286,2596,paired_12,8,-0.6156461564615646,-0.2698526985269853,-0.510150101501015,-0.4216217162171621,hit,True,True,1.5,True
287,2597,paired_12,9,-0.7354223542235422,-0.3391158911589116,-0.5430304303043031,-0.6067785677856778,hit,True,True,1.5,True
288,2598,paired_12,10,-0.7344023440234402,-0.3503385033850338,-0.4979074790747907,-0.6558340583405834,hit,True,True,1.5,True
289,2599,paired_12,11,-0.5794007940079401,-0.26480014800148,-0.4105141051410514,-0.5117776177761778,hit,True,True,1.5,True
290,2600,paired_10,2,0.3561285612856129,0.1816018160181602,-0.2866078660786608,-0.2704227042270423,double,True,True,1.5,True
291,2601,paired_10,3,0.4116091160911609,0.2062170621706217,-0.2444174441744417,-0.1922544225442254,double,True,True,1.5,True
292,2602,paired_10,4,0.4647746477464775,0.2307948079480795,-0.2049520495204952,-0.0953059530595306,double,True,True,1.5,True
293,2603,paired_10,5,0.5171251712517125,0.2571125711257112,-0.1655366553665536,-0.004090040900409,double,True,True,1.5,True
294,2604,paired_10,6,0.5718957189571896,0.284030340303403,-0.1239062390623906,0.1110336103361033,double,True,True,1.5,True
295,2605,paired_10,7,0.3897388973889739,0.2566050660506605,-0.473149731497315,-0.2831478314783148,double,True,True,1.5,True
296,2606,paired_10,8,0.2830228302283022,0.1978969789697897,-0.508340083400834,-0.4432869328693287,double,True,True,1.5,True
297,2607,paired_10,9,0.1399063990639906,0.1186136861368613,-0.5436354363543635,-0.6370538705387054,double,True,True,1.5,True
298,2608,paired_10,10,-0.0053850538505385,0.0251827518275182,-0.497279972799728,-0.6763167631676317,hit,True,True,1.5,True
299,2609,paired_10,11,-0.020660206602066,0.0216252162521625,-0.4145441454414544,-0.524040240402404,hit,True,True,1.5,True
300,2610,paired_8,2,-0.2075770757707577,0.008540085400854,-0.2878428784287843,-0.1690966909669096,hit,True,True,1.5,True
301,2611,paired_8,3,-0.1410114101141011,0.0435829358293582,-0.2451224512245122,-0.088510885108851,hit,True,True,1.5,True
302,2612,paired_8,4,-0.0698056980569805,0.0784457844578445,-0.2099770997709977,0.0099025990259902,hit,True,True,1.5,True
303,2613,paired_8,5,-0.001110011100111,0.1138936389363893,-0.1640466404664046,0.1096910969109691,hit,True,True,1.5,True
304,2614,paired_8,6,0.0752657526575265,0.1483514835148351,-0.1209612096120961,0.2212722127221272,split,True,True,1.5,True
305,2615,paired_8,7,-0.1938569385693856,0.1040410404104041,-0.4762447624476245,-0.1538115381153811,hit,True,True,1.5,True
306,2616,paired_8,8,-0.4508195081950819,-0.044360443604436,-0.509990099900999,-0.3246132461324613,hit,True,True,1.5,True
307,2617,paired_8,9,-0.7128121281212813,-0.1990669906699067,-0.541590415904159,-0.5115126151261513,hit,True,True,1.5,True
308,2618,paired_8,10,-0.6880718807188072,-0.2267272672726727,-0.500850008500085,-0.5802233022330223,hit,True,True,1.5,True
309,2619,paired_8,11,-0.5766757667576676,-0.1818918189181891,-0.4152841528415284,-0.4453669536695367,hit,True,True,1.5,True
310,2620,paired_6,2,-0.5524655246552466,-0.1043610436104361,-0.2870228702287022,-0.1098485984859848,hit,True,True,1.5,True
311,2621,paired_6,3,-0.4722797227972279,-0.0617681176811768,-0.2454974549745497,-0.025840258402584,split,True,True,1.5,True
312,2622,paired_6,4,-0.3954739547395474,-0.0208877088770887,-0.2047070470704707,0.0610881108811088,split,True,True,1.5,True
313,2623,paired_6,5,-0.3109531095310953,0.0249527495274952,-0.1641766417664176,0.1665666656666566,split,True,True,1.5,True
314,2624,paired_6,6,-0.2256272562725627,0.0728082280822808,-0.1195411954119541,0.272250222502225,split,True,True,1.5,True
315,2625,paired_6,7,-0.8958189581895819,-0.1227762277622776,-0.4758697586975869,-0.0355628556285562,split,True,True,1.5,True
316,2626,paired_6,8,-0.9999749997499976,-0.1970269702697027,-0.50890008900089,-0.2152496524965249,hit,True,True,1.5,True
317,2627,paired_6,9,-1.068710687106871,-0.2802678026780267,-0.543250432504325,-0.4288367883678837,hit,True,True,1.5,True
318,2628,paired_6,10,-0.9781547815478154,-0.3062380623806238,-0.4993674936749367,-0.5063375633756337,hit,True,True,1.5,True
319,2629,paired_6,11,-0.8220132201322013,-0.2358573585735857,-0.4150041500415004,-0.3955364553645536,hit,True,True,1.5,True
320,2630,paired_4,2,-0.5742657426574266,-0.0729157291572915,-0.2864678646786467,-0.0558830588305883,split,True,True,1.5,True
321,2631,paired_4,3,-0.4954049540495405,-0.0336953369533695,-0.2476524765247652,0.0201877018770187,split,True,True,1.5,True
322,2632,paired_4,4,-0.4110941109411094,0.011830118301183,-0.2059520595205952,0.1033435334353343,split,True,True,1.5,True
323,2633,paired_4,5,-0.3303833038330383,0.0510180101801018,-0.1657866578665786,0.2000770007700077,split,True,True,1.5,True
324,2634,paired_4,6,-0.2465724657246572,0.1008885088850888,-0.1219112191121911,0.3019855198551985,split,True,True,1.5,True
325,2635,paired_4,7,-0.94879948799488,-0.0569180691806918,-0.4754197541975419,0.0317878178781787,split,True,True,1.5,True
326,2636,paired_4,8,-1.020710207102071,-0.1408564085640856,-0.5094150941509415,-0.1581015810158101,hit,True,True,1.5,True
327,2637,paired_4,9,-1.089710897108971,-0.2304673046730467,-0.5423304233042331,-0.3779662796627966,hit,True,True,1.5,True
328,2638,paired_4,10,-0.9959849598495985,-0.2636726367263672,-0.4998874988749887,-0.4637046370463704,hit,True,True,1.5,True
329,2639,paired_4,11,-0.8230632306323064,-0.2004320043200432,-0.4145016450164501,-0.3674311743117431,hit,True,True,1.5,True
330,2640,paired_aces,2,-0.0726257262572625,0.0793182931829318,-0.2883028830288303,1.3094480944809448,split,True,True,1.5,True
331,2641,paired_aces,3,-0.005750057500575,0.1084585845858458,-0.2477624776247762,1.3585035850358504,split,True,True,1.5,True
332,2642,paired_aces,4,0.060080600806008,0.1413264132641326,-0.2056070560705607,1.4101441014410143,split,True,True,1.5,True
333,2643,paired_aces,5,0.1265612656126561,0.1822418224182241,-0.1645366453664536,1.47939979399794,split,True,True,1.5,True
334,2644,paired_aces,6,0.1979019790197902,0.2298872988729887,-0.1253512535125351,1.555338053380534,split,True,True,1.5,True
335,2645,paired_aces,7,-0.1820818208182081,0.1663441634416344,-0.4722847228472285,1.463960889608896,split,True,True,1.5,True
336,2646,paired_aces,8,-0.3150581505815058,0.0972434724347243,-0.510130101301013,1.3443034430344305,split,True,True,1.5,True
337,2647,paired_aces,9,-0.4558395583955839,-0.00030000300003,-0.5431654316543165,1.1635728857288572,split,True,True,1.5,True
338,2648,paired_aces,10,-0.4776097760977609,-0.0661056610566105,-0.498879988799888,0.9453719537195372,split,True,True,1.5,True
339,2649,paired_aces,11,-0.4043140431404314,-0.043110431104311,-0.4135241352413524,0.7334523345233452,split,True,True,1.5,True
0,2310,20,2,-1.7102471024710246,-0.8551235512355123,0.6322988229882299,,stand,True,True,1.2,True
1,2311,20,3,-1.7072620726207262,-0.8536310363103631,0.6432839328393284,,stand,True,True,1.2,True
2,2312,20,4,-1.7081570815708158,-0.8540785407854079,0.6538090380903809,,stand,True,True,1.2,True
3,2313,20,5,-1.7080420804208043,-0.8540210402104021,0.6689641896418964,,stand,True,True,1.2,True
4,2314,20,6,-1.7075320753207532,-0.8537660376603766,0.67679926799268,,stand,True,True,1.2,True
5,2315,20,7,-1.7004820048200482,-0.8502410024100241,0.7717427174271743,,stand,True,True,1.2,True
6,2316,20,8,-1.7027970279702798,-0.8513985139851399,0.7911879118791187,,stand,True,True,1.2,True
7,2317,20,9,-1.6989969899698998,-0.8494984949849499,0.755770057700577,,stand,True,True,1.2,True
8,2318,20,10,-1.7180271802718028,-0.8590135901359014,0.4374468744687447,,stand,True,True,1.2,True
9,2319,20,11,-1.8050080500805008,-0.9025040250402504,0.1156836568365683,,stand,True,True,1.2,True
10,2320,19,2,-1.460839608396084,-0.7295247952479524,0.3754387543875438,,stand,True,True,1.2,True
11,2321,19,3,-1.4573045730457304,-0.7271822718227182,0.3962214622146221,,stand,True,True,1.2,True
12,2322,19,4,-1.4512945129451291,-0.7288572885728857,0.4178641786417864,,stand,True,True,1.2,True
13,2323,19,5,-1.456069560695607,-0.7273647736477364,0.4358168581685817,,stand,True,True,1.2,True
14,2324,19,6,-1.4505845058450584,-0.7267722677226772,0.4523820238202382,,stand,True,True,1.2,True
15,2325,19,7,-1.4298342983429837,-0.7164271642716428,0.6147711477114771,,stand,True,True,1.2,True
16,2326,19,8,-1.4254892548925489,-0.714709647096471,0.5928934289342893,,stand,True,True,1.2,True
17,2327,19,9,-1.428419284192842,-0.7161871618716187,0.2895228952289523,,stand,True,True,1.2,True
18,2328,19,10,-1.3491134911349114,-0.6743617436174362,0.0587530875308753,,stand,True,True,1.2,True
19,2329,19,11,-1.013050130501305,-0.5067750677506775,0.1307713077130771,,stand,True,True,1.2,True
20,2330,18,2,-1.2465524655246552,-0.6244462444624447,0.1114961149611496,,stand,True,True,1.2,True
21,2331,18,3,-1.2410974109741095,-0.6207187071870719,0.1369038690386904,,stand,True,True,1.2,True
22,2332,18,4,-1.238452384523845,-0.6182261822618226,0.1652766527665276,,stand,True,True,1.2,True
23,2333,18,5,-1.2349923499234992,-0.6158311583115831,0.1962769627696277,,stand,True,True,1.2,True
24,2334,18,6,-1.2259372593725937,-0.6136761367613676,0.2225522255222552,,stand,True,True,1.2,True
25,2335,18,7,-1.1789367893678937,-0.5884808848088481,0.3983064830648306,,stand,True,True,1.2,True
26,2336,18,8,-1.1825068250682509,-0.589510895108951,0.1054410544105441,,stand,True,True,1.2,True
27,2337,18,9,-1.2321873218732189,-0.6169086690866908,-0.1812668126681267,,stand,True,True,1.2,True
28,2338,18,10,-1.1973969739697397,-0.5983059830598306,-0.1642991429914299,,stand,True,True,1.2,True
29,2339,18,11,-0.8857138571385714,-0.4430869308693086,-0.1537090370903709,,stand,True,True,1.2,True
30,2340,17,2,-1.0764557645576456,-0.536190361903619,-0.1571715717157171,,stand,True,True,1.2,True
31,2341,17,3,-1.0663656636566363,-0.5348128481284813,-0.1168811688116881,,stand,True,True,1.2,True
32,2342,17,4,-1.062320623206232,-0.5276877768777688,-0.0852533525335253,,stand,True,True,1.2,True
33,2343,17,5,-1.0479754797547975,-0.5221127211272113,-0.0457329573295733,,stand,True,True,1.2,True
34,2344,17,6,-1.038370383703837,-0.5225227252272523,-0.0063225632256322,,stand,True,True,1.2,True
35,2345,17,7,-0.9636346363463636,-0.4865398653986539,-0.1054360543605436,,stand,True,True,1.2,True
36,2346,17,8,-1.0115951159511596,-0.5041375413754138,-0.3812138121381214,,stand,True,True,1.2,True
37,2347,17,9,-1.1071060710607106,-0.5522455224552245,-0.4222692226922269,,stand,True,True,1.2,True
38,2348,17,10,-1.077960779607796,-0.5390678906789068,-0.3859238592385924,,stand,True,True,1.2,True
39,2349,17,11,-0.8043780437804378,-0.4004690046900469,-0.3569435694356943,,stand,True,True,1.2,True
40,2350,16,2,-0.9444094440944408,-0.47419974199742,-0.2861578615786158,,stand,True,True,1.2,True
41,2351,16,3,-0.9296492964929648,-0.4652671526715267,-0.2472524725247252,,stand,True,True,1.2,True
42,2352,16,4,-0.922139221392214,-0.4563295632956329,-0.2074470744707447,,stand,True,True,1.2,True
43,2353,16,5,-0.901959019590196,-0.4503820038200382,-0.1641816418164181,,stand,True,True,1.2,True
44,2354,16,6,-0.8853938539385394,-0.4433119331193312,-0.1203762037620376,,stand,True,True,1.2,True
45,2355,16,7,-0.8286032860328604,-0.4132616326163261,-0.4758147581475814,,hit,True,True,1.2,True
46,2356,16,8,-0.911079110791108,-0.4577270772707727,-0.5095150951509515,,hit,True,True,1.2,True
47,2357,16,9,-1.0179501795017951,-0.5057650576505766,-0.5426504265042651,,hit,True,True,1.2,True
48,2358,16,10,-0.996719967199672,-0.4992549925499255,-0.4997674976749767,,hit,True,True,1.2,True
49,2359,16,11,-0.7492174921749217,-0.3744287442874429,-0.4130691306913069,,hit,True,True,1.2,True
50,2360,15,2,-0.8357983579835798,-0.4163966639666396,-0.2854978549785498,,stand,True,True,1.2,True
51,2361,15,3,-0.8109081090810908,-0.4078465784657846,-0.2488674886748867,,stand,True,True,1.2,True
52,2362,15,4,-0.7928179281792818,-0.3966964669646696,-0.2058870588705887,,stand,True,True,1.2,True
53,2363,15,5,-0.7740677406774068,-0.3867838678386784,-0.1650666506665066,,stand,True,True,1.2,True
54,2364,15,6,-0.7505575055750557,-0.3750612506125061,-0.1225262252622526,,stand,True,True,1.2,True
55,2365,15,7,-0.7492674926749268,-0.3683761837618376,-0.4751647516475165,,hit,True,True,1.2,True
56,2366,15,8,-0.8398383983839839,-0.4190741907419074,-0.509740097400974,,hit,True,True,1.2,True
57,2367,15,9,-0.950009500095001,-0.4693221932219322,-0.5400054000540006,,hit,True,True,1.2,True
58,2368,15,10,-0.9346093460934608,-0.4652671526715267,-0.4981624816248162,,hit,True,True,1.2,True
59,2369,15,11,-0.7065320653206532,-0.3514060140601406,-0.4151791517915179,,hit,True,True,1.2,True
60,2370,14,2,-0.7290872908729087,-0.3625336253362534,-0.2908979089790898,,stand,True,True,1.2,True
61,2371,14,3,-0.7018370183701838,-0.3484909849098491,-0.2483524835248352,,stand,True,True,1.2,True
62,2372,14,4,-0.6665616656166562,-0.3385258852588526,-0.2060720607206072,,stand,True,True,1.2,True
63,2373,14,5,-0.6401364013640136,-0.3219682196821968,-0.1656516565165651,,stand,True,True,1.2,True
64,2374,14,6,-0.6186211862118621,-0.3081855818558185,-0.1242212422124221,,stand,True,True,1.2,True
65,2375,14,7,-0.6658716587165872,-0.3203932039320393,-0.4741147411474115,,hit,True,True,1.2,True
66,2376,14,8,-0.7644926449264493,-0.3729587295872958,-0.5094700947009471,,hit,True,True,1.2,True
67,2377,14,9,-0.8803238032380324,-0.4302043020430204,-0.539950399503995,,hit,True,True,1.2,True
68,2378,14,10,-0.8647986479864799,-0.4305968059680596,-0.4982999829998299,,hit,True,True,1.2,True
69,2379,14,11,-0.6622016220162201,-0.3253132531325313,-0.4131641316413164,,hit,True,True,1.2,True
70,2380,13,2,-0.6187161871618716,-0.309120591205912,-0.2876478764787648,,stand,True,True,1.2,True
71,2381,13,3,-0.5773907739077391,-0.2928279282792828,-0.2453774537745377,,stand,True,True,1.2,True
72,2382,13,4,-0.5453404534045341,-0.2734377343773437,-0.2058770587705877,,stand,True,True,1.2,True
73,2383,13,5,-0.509730097300973,-0.2550125501255013,-0.1635166351663516,,stand,True,True,1.2,True
74,2384,13,6,-0.4759547595475955,-0.2385273852738527,-0.1205162051620516,,stand,True,True,1.2,True
75,2385,13,7,-0.5804058040580405,-0.2685626856268562,-0.4752247522475225,,hit,True,True,1.2,True
76,2386,13,8,-0.6883818838188381,-0.3247757477574776,-0.5106551065510655,,hit,True,True,1.2,True
77,2387,13,9,-0.8072030720307203,-0.3850038500385004,-0.5418754187541875,,hit,True,True,1.2,True
78,2388,13,10,-0.8064930649306493,-0.3944114441144411,-0.500620006200062,,hit,True,True,1.2,True
79,2389,13,11,-0.6236112361123611,-0.2957729577295773,-0.4124941249412494,,hit,True,True,1.2,True
80,2390,12,2,-0.508610086100861,-0.2512250122501225,-0.2856328563285633,,hit,True,True,1.2,True
81,2391,12,3,-0.4682146821468215,-0.2323873238732387,-0.2475524755247552,,hit,True,True,1.2,True
82,2392,12,4,-0.4277692776927769,-0.2137921379213792,-0.2064070640706407,,stand,True,True,1.2,True
83,2393,12,5,-0.3873788737887378,-0.1970044700447004,-0.1639166391663916,,stand,True,True,1.2,True
84,2394,12,6,-0.3430284302843028,-0.1714492144921449,-0.1212412124121241,,stand,True,True,1.2,True
85,2395,12,7,-0.5038350383503835,-0.2129271292712927,-0.4720447204472044,,hit,True,True,1.2,True
86,2396,12,8,-0.6166211662116621,-0.2706477064770647,-0.510640106401064,,hit,True,True,1.2,True
87,2397,12,9,-0.7337523375233752,-0.3393108931089311,-0.5429704297042971,,hit,True,True,1.2,True
88,2398,12,10,-0.7391223912239122,-0.3527460274602746,-0.5003850038500385,,hit,True,True,1.2,True
89,2399,12,11,-0.5815508155081551,-0.2675226752267522,-0.4142166421664217,,hit,True,True,1.2,True
90,2400,11,2,0.47489974899749,0.2383223832238322,-0.2874728747287473,,double,True,True,1.2,True
91,2401,11,3,0.5253352533525335,0.2623726237262372,-0.2471024710247102,,double,True,True,1.2,True
92,2402,11,4,0.562870628706287,0.2829028290282903,-0.2069120691206912,,double,True,True,1.2,True
93,2403,11,5,0.6140711407114071,0.3102056020560205,-0.1659416594165941,,double,True,True,1.2,True
94,2404,11,6,0.6664916649166491,0.3332058320583206,-0.1226512265122651,,double,True,True,1.2,True
95,2405,11,7,0.4655246552465524,0.289920399203992,-0.475879758797588,,double,True,True,1.2,True
96,2406,11,8,0.3550935509355093,0.2280622806228062,-0.510120101201012,,double,True,True,1.2,True
97,2407,11,9,0.2237272372723727,0.1584215842158421,-0.5402604026040261,,double,True,True,1.2,True
98,2408,11,10,0.1610116101161011,0.1075585755857558,-0.4969999699997,,double,True,True,1.2,True
99,2409,11,11,0.0738657386573865,0.073450734507345,-0.4156141561415614,,double,True,True,1.2,True
100,2410,10,2,0.3576285762857628,0.1812318123181232,-0.2897128971289713,,double,True,True,1.2,True
101,2411,10,3,0.4069540695406954,0.2042145421454214,-0.2459224592245922,,double,True,True,1.2,True
102,2412,10,4,0.4611246112461125,0.229679796797968,-0.2048020480204802,,double,True,True,1.2,True
103,2413,10,5,0.517070170701707,0.25370003700037,-0.1629166291662916,,double,True,True,1.2,True
104,2414,10,6,0.5664156641566416,0.2852928529285293,-0.1199961999619996,,double,True,True,1.2,True
105,2415,10,7,0.3956589565895659,0.256620066200662,-0.4748197481974819,,double,True,True,1.2,True
106,2416,10,8,0.2845978459784598,0.1972319723197232,-0.510110101101011,,double,True,True,1.2,True
107,2417,10,9,0.1426214262142621,0.1152136521365213,-0.5429454294542946,,double,True,True,1.2,True
108,2418,10,10,-0.0021750217502175,0.024150241502415,-0.498509985099851,,hit,True,True,1.2,True
109,2419,10,11,-0.0248752487524875,0.0230752307523075,-0.4153241532415324,,hit,True,True,1.2,True
110,2420,soft_20,2,0.3574185741857418,0.1797417974179742,0.6357688576885769,,stand,True,True,1.2,True
111,2421,soft_20,3,0.4089040890408904,0.2069545695456954,0.6449664496644967,,stand,True,True,1.2,True
112,2422,soft_20,4,0.460659606596066,0.232269822698227,0.6569340693406934,,stand,True,True,1.2,True
113,2423,soft_20,5,0.5108751087510875,0.258250082500825,0.6686866868668687,,stand,True,True,1.2,True
114,2424,soft_20,6,0.556970569705697,0.282950329503295,0.6771917719177192,,stand,True,True,1.2,True
115,2425,soft_20,7,0.3925739257392573,0.255480054800548,0.7747452474524745,,stand,True,True,1.2,True
116,2426,soft_20,8,0.2844728447284473,0.1966794667946679,0.7915329153291533,,stand,True,True,1.2,True
117,2427,soft_20,9,0.1417614176141761,0.1142786427864278,0.7579675796757968,,stand,True,True,1.2,True
118,2428,soft_20,10,-0.0045250452504525,0.0239652396523965,0.5123851238512385,,stand,True,True,1.2,True
119,2429,soft_20,11,-0.0216752167521675,0.022160221602216,0.4161816618166181,,stand,True,True,1.2,True
120,2430,soft_19,2,0.2429824298242982,0.1234587345873458,0.3790262902629026,,stand,True,True,1.2,True
121,2431,soft_19,3,0.2939329393293933,0.1479364793647936,0.3983589835898359,,stand,True,True,1.2,True
122,2432,soft_19,4,0.3526135261352613,0.1762342623426234,0.4154341543415434,,stand,True,True,1.2,True
123,2433,soft_19,5,0.4066890668906689,0.2027070270702707,0.4356318563185631,,stand,True,True,1.2,True
124,2434,soft_19,6,0.4574045740457405,0.2289222892228922,0.4540870408704087,,double,True,True,1.2,True
125,2435,soft_19,7,0.3220582205822058,0.2182871828718287,0.6176586765867659,,stand,True,True,1.2,True
126,2436,soft_19,8,0.1904319043190432,0.1505440054400544,0.5908859088590885,,stand,True,True,1.2,True
127,2437,soft_19,9,-0.072570725707257,0.008550085500855,0.2875353753537535,,stand,True,True,1.2,True
128,2438,soft_19,10,-0.2127221272212722,-0.08140081400814,0.0571380713807138,,stand,True,True,1.2,True
129,2439,soft_19,11,-0.1525865258652586,-0.0437854378543785,0.1300963009630096,,stand,True,True,1.2,True
130,2440,soft_18,2,0.1139611396113961,0.059950599505995,0.1102886028860288,,double,True,True,1.2,True
131,2441,soft_18,3,0.1754617546175461,0.0898858988589886,0.1377213772137721,,double,True,True,1.2,True
132,2442,soft_18,4,0.2281422814228142,0.1175236752367523,0.1660041600416004,,double,True,True,1.2,True
133,2443,soft_18,5,0.2885628856288563,0.1494414944149441,0.1950369503695037,,double,True,True,1.2,True
134,2444,soft_18,6,0.3516735167351673,0.1771442714427144,0.2237347373473734,,double,True,True,1.2,True
135,2445,soft_18,7,0.2234522345223452,0.1703642036420364,0.3999014990149901,,stand,True,True,1.2,True
136,2446,soft_18,8,-0.0289152891528915,0.0395328953289532,0.1031160311603116,,stand,True,True,1.2,True
137,2447,soft_18,9,-0.2875178751787517,-0.1005010050100501,-0.1818243182431824,,hit,True,True,1.2,True
138,2448,soft_18,10,-0.3193381933819338,-0.1312963129631296,-0.1623991239912399,,hit,True,True,1.2,True
139,2449,soft_18,11,-0.2899428994289943,-0.1114336143361433,-0.1541665416654166,,hit,True,True,1.2,True
140,2450,soft_17,2,-0.008770087700877,-0.002460024600246,-0.1572640726407264,,hit,True,True,1.2,True
141,2451,soft_17,3,0.0525955259552595,0.0288727887278872,-0.1213137131371313,,double,True,True,1.2,True
142,2452,soft_17,4,0.1124311243112431,0.065870658706587,-0.0844758447584475,,double,True,True,1.2,True
143,2453,soft_17,5,0.1831768317683176,0.0963484634846348,-0.047390473904739,,double,True,True,1.2,True
144,2454,soft_17,6,0.2489574895748957,0.1358713587135871,-0.0050025500255002,,double,True,True,1.2,True
145,2455,soft_17,7,-0.012850128501285,0.0535730357303573,-0.1079660796607966,,hit,True,True,1.2,True
146,2456,soft_17,8,-0.2540475404754047,-0.0716657166571665,-0.3799562995629956,,hit,True,True,1.2,True
147,2457,soft_17,9,-0.3968689686896869,-0.1499214992149921,-0.4233367333673337,,hit,True,True,1.2,True
148,2458,soft_17,10,-0.4177241772417724,-0.1816543165431654,-0.3862788627886279,,hit,True,True,1.2,True
149,2459,soft_17,11,-0.3836438364383643,-0.1526490264902649,-0.3563210632106321,,hit,True,True,1.2,True
150,2460,soft_16,2,-0.0717757177571775,-0.0215252152521525,-0.2867828678286783,,hit,True,True,1.2,True
151,2461,soft_16,3,-0.0057250572505725,0.018340183401834,-0.2472674726747267,,hit,True,True,1.2,True
152,2462,soft_16,4,0.0574955749557495,0.0467429674296743,-0.2053520535205352,,double,True,True,1.2,True
153,2463,soft_16,5,0.1276112761127611,0.0853958539585395,-0.1624516245162451,,double,True,True,1.2,True
154,2464,soft_16,6,0.1889518895188952,0.1214987149871498,-0.1203362033620336,,double,True,True,1.2,True
155,2465,soft_16,7,-0.1843368433684336,-0.0014525145251452,-0.4756547565475654,,hit,True,True,1.2,True
156,2466,soft_16,8,-0.3145181451814518,-0.0668781687816878,-0.510310103101031,,hit,True,True,1.2,True
157,2467,soft_16,9,-0.4574345743457434,-0.1468014680146801,-0.5406654066540666,,hit,True,True,1.2,True
158,2468,soft_16,10,-0.4722397223972239,-0.1912269122691227,-0.4995874958749587,,hit,True,True,1.2,True
159,2469,soft_16,11,-0.4126591265912659,-0.1421039210392103,-0.4142716427164272,,hit,True,True,1.2,True
160,2470,soft_15,2,-0.0781457814578145,0.000560005600056,-0.2878578785787858,,hit,True,True,1.2,True
161,2471,soft_15,3,-0.010410104101041,0.0326778267782677,-0.2439224392243922,,hit,True,True,1.2,True
162,2472,soft_15,4,0.0684156841568415,0.0604056040560405,-0.2068620686206862,,double,True,True,1.2,True
163,2473,soft_15,5,0.1286712867128671,0.1073660736607366,-0.1652716527165271,,double,True,True,1.2,True
164,2474,soft_15,6,0.1954169541695417,0.1522390223902239,-0.1218712187121871,,double,True,True,1.2,True
165,2475,soft_15,7,-0.1852768527685276,0.0367728677286772,-0.476069760697607,,hit,True,True,1.2,True
166,2476,soft_15,8,-0.3104831048310483,-0.027010270102701,-0.5110751107511076,,hit,True,True,1.2,True
167,2477,soft_15,9,-0.4496394963949639,-0.1100986009860098,-0.5429554295542955,,hit,True,True,1.2,True
168,2478,soft_15,10,-0.4749747497474975,-0.1614891148911489,-0.4974574745747457,,hit,True,True,1.2,True
169,2479,soft_15,11,-0.4070790707907079,-0.1169511695116951,-0.4107391073910739,,hit,True,True,1.2,True
170,2480,soft_14,2,-0.0684956849568495,0.0201327013270132,-0.2873578735787357,,hit,True,True,1.2,True
171,2481,soft_14,3,-0.002090020900209,0.0551430514305143,-0.2448174481744817,,hit,True,True,1.2,True
172,2482,soft_14,4,0.055550555505555,0.0961234612346123,-0.2075520755207552,,hit,True,True,1.2,True
173,2483,soft_14,5,0.1354613546135461,0.1251162511625116,-0.1660266602666026,,double,True,True,1.2,True
174,2484,soft_14,6,0.1963619636196362,0.1801343013430134,-0.1215162151621516,,double,True,True,1.2,True
175,2485,soft_14,7,-0.1833518335183351,0.0798782987829878,-0.4755797557975579,,hit,True,True,1.2,True
176,2486,soft_14,8,-0.3101731017310173,0.0153076530765307,-0.508210082100821,,hit,True,True,1.2,True
177,2487,soft_14,9,-0.4558295582955829,-0.0740007400074,-0.5405554055540556,,hit,True,True,1.2,True
178,2488,soft_14,10,-0.4690096900969009,-0.1273287732877328,-0.4973874738747387,,hit,True,True,1.2,True
179,2489,soft_14,11,-0.4034440344403444,-0.0950059500595005,-0.4122791227912279,,hit,True,True,1.2,True
180,2490,soft_13,2,-0.072870728707287,0.046420464204642,-0.2858028580285803,,hit,True,True,1.2,True
181,2491,soft_13,3,-0.005610056100561,0.0766132661326613,-0.2465374653746537,,hit,True,True,1.2,True
182,2492,soft_13,4,0.063120631206312,0.1152636526365263,-0.2037920379203792,,hit,True,True,1.2,True
183,2493,soft_13,5,0.1625916259162591,0.1275712757127571,-0.1648566485664856,,double,True,True,1.2,True
184,2494,soft_13,6,0.2028595285952859,0.1980119801198012,-0.1220912209122091,,double,True,True,1.2,True
185,2495,soft_13,7,-0.1815168151681516,0.1240887408874088,-0.476319763197632,,hit,True,True,1.2,True
186,2496,soft_13,8,-0.3096080960809608,0.0535030350303503,-0.5086750867508675,,hit,True,True,1.2,True
187,2497,soft_13,9,-0.4526245262452624,-0.0362953629536295,-0.5433054330543305,,hit,True,True,1.2,True
188,2498,soft_13,10,-0.478709787097871,-0.0982509825098251,-0.500620006200062,,hit,True,True,1.2,True
189,2499,soft_13,11,-0.4085740857408574,-0.0702882028820288,-0.4128666286662866,,hit,True,True,1.2,True
190,2500,9,2,0.0611656116561165,0.0912259122591225,-0.2873228732287323,,hit,True,True,1.2,True
191,2501,9,3,0.1186211862118621,0.1142261422614226,-0.2468174681746817,,double,True,True,1.2,True
192,2502,9,4,0.1805568055680556,0.1493714937149371,-0.2067270672706727,,double,True,True,1.2,True
193,2503,9,5,0.2428574285742857,0.1800243002430024,-0.1632816328163281,,double,True,True,1.2,True
194,2504,9,6,0.3043430434304343,0.2133821338213382,-0.1216662166621666,,double,True,True,1.2,True
195,2505,9,7,0.1042160421604216,0.1851718517185172,-0.4761847618476185,,hit,True,True,1.2,True
196,2506,9,8,-0.0272952729527295,0.1048510485104851,-0.508380083800838,,hit,True,True,1.2,True
197,2507,9,9,-0.2994579945799458,-0.0450554505545055,-0.5390403904039041,,hit,True,True,1.2,True
198,2508,9,10,-0.4280542805428054,-0.1354388543885439,-0.4978474784747847,,hit,True,True,1.2,True
199,2509,9,11,-0.3133231332313323,-0.0832358323583235,-0.4134516345163451,,hit,True,True,1.2,True
200,2510,8,2,-0.2052020520205202,0.009210092100921,-0.2855378553785538,,hit,True,True,1.2,True
201,2511,8,3,-0.1390413904139041,0.042520425204252,-0.2484624846248462,,hit,True,True,1.2,True
202,2512,8,4,-0.0693356933569335,0.0756432564325643,-0.2083370833708337,,hit,True,True,1.2,True
203,2513,8,5,0.0051850518505185,0.1136686366863668,-0.1624516245162451,,hit,True,True,1.2,True
204,2514,8,6,0.077520775207752,0.1529765297652976,-0.1218862188621886,,hit,True,True,1.2,True
205,2515,8,7,-0.1876568765687657,0.1053735537355373,-0.4729947299472994,,hit,True,True,1.2,True
206,2516,8,8,-0.4570295702957029,-0.0407354073540735,-0.513510135101351,,hit,True,True,1.2,True
207,2517,8,9,-0.7181521815218153,-0.2024420244202442,-0.5428454284542845,,hit,True,True,1.2,True
208,2518,8,10,-0.6880718807188072,-0.2231697316973169,-0.5004450044500445,,hit,True,True,1.2,True
209,2519,8,11,-0.5771057710577105,-0.1807568075680757,-0.4137291372913729,,hit,True,True,1.2,True
210,2520,7,2,-0.4325393253932539,-0.0756932569325693,-0.2878328783287833,,hit,True,True,1.2,True
211,2521,7,3,-0.3536885368853688,-0.0369728697286972,-0.2469424694246942,,hit,True,True,1.2,True
212,2522,7,4,-0.2755077550775507,0.0086075860758607,-0.2067870678706787,,hit,True,True,1.2,True
213,2523,7,5,-0.2004920049200492,0.0498029980299803,-0.1648016480164801,,hit,True,True,1.2,True
214,2524,7,6,-0.1217812178121781,0.0995309953099531,-0.1171411714117141,,hit,True,True,1.2,True
215,2525,7,7,-0.5880908809088091,-0.0456754567545675,-0.4735547355473555,,hit,True,True,1.2,True
216,2526,7,8,-0.8453434534345343,-0.1925794257942579,-0.5101351013510135,,hit,True,True,1.2,True
217,2527,7,9,-0.956109561095611,-0.2749977499774997,-0.5417654176541765,,hit,True,True,1.2,True
218,2528,7,10,-0.8731487314873149,-0.2887078870788708,-0.4993649936499365,,hit,True,True,1.2,True
219,2529,7,11,-0.7539725397253972,-0.2408174081740817,-0.4150191501915019,,hit,True,True,1.2,True
220,2530,6,2,-0.5522555225552256,-0.1038310383103831,-0.2891478914789148,,hit,True,True,1.2,True
221,2531,6,3,-0.4763447634476345,-0.0630556305563055,-0.2467474674746747,,hit,True,True,1.2,True
222,2532,6,4,-0.3917389173891739,-0.022840228402284,-0.2066670666706667,,hit,True,True,1.2,True
223,2533,6,5,-0.3100031000310003,0.025930259302593,-0.1638116381163811,,hit,True,True,1.2,True
224,2534,6,6,-0.2223822238222382,0.0784882848828488,-0.1244962449624496,,hit,True,True,1.2,True
225,2535,6,7,-0.8942839428394284,-0.1214812148121481,-0.4740297402974029,,hit,True,True,1.2,True
226,2536,6,8,-0.9961249612496124,-0.1976669766697667,-0.5082950829508295,,hit,True,True,1.2,True
227,2537,6,9,-1.0707357073570736,-0.2841953419534195,-0.5439154391543916,,hit,True,True,1.2,True
228,2538,6,10,-0.9796447964479644,-0.3057830578305783,-0.4999324993249932,,hit,True,True,1.2,True
229,2539,6,11,-0.8169281692816928,-0.2365273652736527,-0.4121641216412164,,hit,True,True,1.2,True
230,2540,5,2,-0.5723857238572386,-0.0824533245332453,-0.2880278802788028,,hit,True,True,1.2,True
231,2541,5,3,-0.4943949439494395,-0.050440504405044,-0.2478924789247892,,hit,True,True,1.2,True
232,2542,5,4,-0.4146541465414654,-0.0060550605506055,-0.2084070840708407,,hit,True,True,1.2,True
233,2543,5,5,-0.3253432534325343,0.03870038700387,-0.1641916419164191,,hit,True,True,1.2,True
234,2544,5,6,-0.2465424654246542,0.0864783647836478,-0.1205362053620536,,hit,True,True,1.2,True
235,2545,5,7,-0.952949529495295,-0.0909784097840978,-0.4751247512475124,,hit,True,True,1.2,True
236,2546,5,8,-1.022050220502205,-0.1677691776917769,-0.510290102901029,,hit,True,True,1.2,True
237,2547,5,9,-1.08370083700837,-0.2532175321753218,-0.5437454374543745,,hit,True,True,1.2,True
238,2548,5,10,-0.9945649456494564,-0.284290342903429,-0.4973024730247302,,hit,True,True,1.2,True
239,2549,5,11,-0.8269982699826999,-0.2192746927469274,-0.4129716297162971,,hit,True,True,1.2,True
240,2550,paired_20,2,-1.7091520915209153,-0.8561785617856179,0.6354213542135422,0.1673079230792307,stand,True,True,1.2,True
241,2551,paired_20,3,-1.7086720867208671,-0.8556435564355643,0.6468714687146871,0.2670951709517095,stand,True,True,1.2,True
242,2552,paired_20,4,-1.7076970769707698,-0.8541360413604137,0.6569965699656997,0.3706949569495695,stand,True,True,1.2,True
243,2553,paired_20,5,-1.7105521055210553,-0.8542085420854209,0.6681216812168121,0.4892361423614236,stand,True,True,1.2,True
244,2554,paired_20,6,-1.7101421014210143,-0.8534835348353483,0.6777942779427795,0.6070685706857069,stand,True,True,1.2,True
245,2555,paired_20,7,-1.7057420574205742,-0.8516485164851648,0.7718927189271892,0.3301545515455154,stand,True,True,1.2,True
246,2556,paired_20,8,-1.7044270442704428,-0.8507860078600786,0.7923129231292313,-0.0090388403884038,stand,True,True,1.2,True
247,2557,paired_20,9,-1.7034420344203445,-0.8509510095100951,0.7576525765257652,-0.374159991599916,stand,True,True,1.2,True
248,2558,paired_20,10,-1.5661706617066171,-0.7832628326283263,0.5134576345763457,-0.4868961189611896,stand,True,True,1.2,True
249,2559,paired_20,11,-1.1832668326683269,-0.5908284082840829,0.4175491754917549,-0.3765675156751567,stand,True,True,1.2,True
250,2560,paired_18,2,-1.2440924409244092,-0.6221387213872138,0.1106636066360663,0.1949519495194951,split,True,True,1.2,True
251,2561,paired_18,3,-1.2439124391243912,-0.6210337103371034,0.1387888878888789,0.2592775927759277,split,True,True,1.2,True
252,2562,paired_18,4,-1.2413774137741378,-0.6188661886618866,0.1665441654416544,0.3270682706827068,split,True,True,1.2,True
253,2563,paired_18,5,-1.2325973259732597,-0.6144361443614436,0.1959969599695997,0.3941389413894139,split,True,True,1.2,True
254,2564,paired_18,6,-1.2276272762727627,-0.6146411464114642,0.2228172281722817,0.4640421404214042,split,True,True,1.2,True
255,2565,paired_18,7,-1.186091860918609,-0.5933234332343323,0.3998189981899819,0.3637161371613716,stand,True,True,1.2,True
256,2566,paired_18,8,-1.1788167881678815,-0.593130931309313,0.1053585535855358,0.2367748677486774,split,True,True,1.2,True
257,2567,paired_18,9,-1.2317323173231731,-0.6152386523865239,-0.1829993299932999,-0.0768632686326863,split,True,True,1.2,True
258,2568,paired_18,10,-1.1974219742197425,-0.5966884668846688,-0.1639191391913919,-0.2918054180541805,stand,True,True,1.2,True
259,2569,paired_18,11,-0.8892838928389284,-0.4417719177191772,-0.1547615476154761,-0.1764817648176481,stand,True,True,1.2,True
260,2570,paired_16,2,-0.9409344093440934,-0.4725672256722567,-0.2872778727787278,0.072330723307233,split,True,True,1.2,True
261,2571,paired_16,3,-0.933079330793308,-0.4685371853718537,-0.2456174561745617,0.1448039480394804,split,True,True,1.2,True
262,2572,paired_16,4,-0.9193691936919368,-0.4595570955709557,-0.2083170831708317,0.2201697016970169,split,True,True,1.2,True
263,2573,paired_16,5,-0.9071240712407124,-0.4475869758697587,-0.1661866618666186,0.30230052300523,split,True,True,1.2,True
264,2574,paired_16,6,-0.8884438844388444,-0.4426544265442654,-0.1211862118621186,0.3883938839388394,split,True,True,1.2,True
265,2575,paired_16,7,-0.8273332733327333,-0.4175591755917559,-0.475319753197532,0.3247932479324793,split,True,True,1.2,True
266,2576,paired_16,8,-0.9157541575415754,-0.4563620636206362,-0.508210082100821,-0.0198326983269832,split,True,True,1.2,True
267,2577,paired_16,9,-1.017230172301723,-0.5101551015510155,-0.5425704257042571,-0.3822713227132271,split,True,True,1.2,True
268,2578,paired_16,10,-0.9960249602496024,-0.497369973699737,-0.4965524655246552,-0.4414894148941489,split,True,True,1.2,True
269,2579,paired_16,11,-0.7527075270752708,-0.3761162611626116,-0.4149166491664917,-0.3629786297862978,split,True,True,1.2,True
270,2580,paired_14,2,-0.7322873228732287,-0.3647111471114711,-0.2835578355783558,-0.1233712337123371,split,True,True,1.2,True
271,2581,paired_14,3,-0.6945869458694587,-0.3481884818848188,-0.2462824628246282,-0.0426379263792637,split,True,True,1.2,True
272,2582,paired_14,4,-0.6705867058670587,-0.3358983589835898,-0.2047820478204782,0.0481029810298102,split,True,True,1.2,True
273,2583,paired_14,5,-0.6417164171641716,-0.3173856738567385,-0.1631116311163111,0.1461664616646166,split,True,True,1.2,True
274,2584,paired_14,6,-0.6152511525115251,-0.3086430864308643,-0.1218262182621826,0.2520750207502075,split,True,True,1.2,True
275,2585,paired_14,7,-0.6693166931669317,-0.3212032120321203,-0.4744697446974469,-0.0444554445544455,split,True,True,1.2,True
276,2586,paired_14,8,-0.7653526535265353,-0.3701237012370124,-0.5078850788507885,-0.3874438744387444,hit,True,True,1.2,True
277,2587,paired_14,9,-0.8790537905379053,-0.4315343153431534,-0.543260432604326,-0.578950789507895,hit,True,True,1.2,True
278,2588,paired_14,10,-0.8681786817868179,-0.4313543135431354,-0.4957974579745797,-0.6015335153351533,hit,True,True,1.2,True
279,2589,paired_14,11,-0.6647366473664736,-0.324430744307443,-0.4152541525415254,-0.51370013700137,hit,True,True,1.2,True
280,2590,paired_12,2,-0.505330053300533,-0.2535850358503585,-0.2861828618286183,-0.1947394473944739,split,True,True,1.2,True
281,2591,paired_12,3,-0.4668546685466854,-0.23239982399824,-0.2450424504245042,-0.1026010260102601,split,True,True,1.2,True
282,2592,paired_12,4,-0.4255692556925569,-0.2124771247712477,-0.2063570635706357,-0.0058525585255852,split,True,True,1.2,True
283,2593,paired_12,5,-0.3882188821888219,-0.1930644306443064,-0.1658366583665836,0.093480934809348,split,True,True,1.2,True
284,2594,paired_12,6,-0.3365933659336593,-0.1695366953669536,-0.1225812258122581,0.1974944749447494,split,True,True,1.2,True
285,2595,paired_12,7,-0.502780027800278,-0.2115796157961579,-0.4738647386473865,-0.2531150311503115,hit,True,True,1.2,True
286,2596,paired_12,8,-0.6156461564615646,-0.2698526985269853,-0.510150101501015,-0.4216217162171621,hit,True,True,1.2,True
287,2597,paired_12,9,-0.7354223542235422,-0.3391158911589116,-0.5430304303043031,-0.6067785677856778,hit,True,True,1.2,True
288,2598,paired_12,10,-0.7344023440234402,-0.3503385033850338,-0.4979074790747907,-0.6558340583405834,hit,True,True,1.2,True
289,2599,paired_12,11,-0.5794007940079401,-0.26480014800148,-0.4105141051410514,-0.5117776177761778,hit,True,True,1.2,True
290,2600,paired_10,2,0.3561285612856129,0.1816018160181602,-0.2866078660786608,-0.2704227042270423,double,True,True,1.2,True
291,2601,paired_10,3,0.4116091160911609,0.2062170621706217,-0.2444174441744417,-0.1922544225442254,double,True,True,1.2,True
292,2602,paired_10,4,0.4647746477464775,0.2307948079480795,-0.2049520495204952,-0.0953059530595306,double,True,True,1.2,True
293,2603,paired_10,5,0.5171251712517125,0.2571125711257112,-0.1655366553665536,-0.004090040900409,double,True,True,1.2,True
294,2604,paired_10,6,0.5718957189571896,0.284030340303403,-0.1239062390623906,0.1110336103361033,double,True,True,1.2,True
295,2605,paired_10,7,0.3897388973889739,0.2566050660506605,-0.473149731497315,-0.2831478314783148,double,True,True,1.2,True
296,2606,paired_10,8,0.2830228302283022,0.1978969789697897,-0.508340083400834,-0.4432869328693287,double,True,True,1.2,True
297,2607,paired_10,9,0.1399063990639906,0.1186136861368613,-0.5436354363543635,-0.6370538705387054,double,True,True,1.2,True
298,2608,paired_10,10,-0.0053850538505385,0.0251827518275182,-0.497279972799728,-0.6763167631676317,hit,True,True,1.2,True
299,2609,paired_10,11,-0.020660206602066,0.0216252162521625,-0.4145441454414544,-0.524040240402404,hit,True,True,1.2,True
300,2610,paired_8,2,-0.2075770757707577,0.008540085400854,-0.2878428784287843,-0.1690966909669096,hit,True,True,1.2,True
301,2611,paired_8,3,-0.1410114101141011,0.0435829358293582,-0.2451224512245122,-0.088510885108851,hit,True,True,1.2,True
302,2612,paired_8,4,-0.0698056980569805,0.0784457844578445,-0.2099770997709977,0.0099025990259902,hit,True,True,1.2,True
303,2613,paired_8,5,-0.001110011100111,0.1138936389363893,-0.1640466404664046,0.1096910969109691,hit,True,True,1.2,True
304,2614,paired_8,6,0.0752657526575265,0.1483514835148351,-0.1209612096120961,0.2212722127221272,split,True,True,1.2,True
305,2615,paired_8,7,-0.1938569385693856,0.1040410404104041,-0.4762447624476245,-0.1538115381153811,hit,True,True,1.2,True
306,2616,paired_8,8,-0.4508195081950819,-0.044360443604436,-0.509990099900999,-0.3246132461324613,hit,True,True,1.2,True
307,2617,paired_8,9,-0.7128121281212813,-0.1990669906699067,-0.541590415904159,-0.5115126151261513,hit,True,True,1.2,True
308,2618,paired_8,10,-0.6880718807188072,-0.2267272672726727,-0.500850008500085,-0.5802233022330223,hit,True,True,1.2,True
309,2619,paired_8,11,-0.5766757667576676,-0.1818918189181891,-0.4152841528415284,-0.4453669536695367,hit,True,True,1.2,True
310,2620,paired_6,2,-0.5524655246552466,-0.1043610436104361,-0.2870228702287022,-0.1098485984859848,hit,True,True,1.2,True
311,2621,paired_6,3,-0.4722797227972279,-0.0617681176811768,-0.2454974549745497,-0.025840258402584,split,True,True,1.2,True
312,2622,paired_6,4,-0.3954739547395474,-0.0208877088770887,-0.2047070470704707,0.0610881108811088,split,True,True,1.2,True
313,2623,paired_6,5,-0.3109531095310953,0.0249527495274952,-0.1641766417664176,0.1665666656666566,split,True,True,1.2,True
314,2624,paired_6,6,-0.2256272562725627,0.0728082280822808,-0.1195411954119541,0.272250222502225,split,True,True,1.2,True
315,2625,paired_6,7,-0.8958189581895819,-0.1227762277622776,-0.4758697586975869,-0.0355628556285562,split,True,True,1.2,True
316,2626,paired_6,8,-0.9999749997499976,-0.1970269702697027,-0.50890008900089,-0.2152496524965249,hit,True,True,1.2,True
317,2627,paired_6,9,-1.068710687106871,-0.2802678026780267,-0.543250432504325,-0.4288367883678837,hit,True,True,1.2,True
318,2628,paired_6,10,-0.9781547815478154,-0.3062380623806238,-0.4993674936749367,-0.5063375633756337,hit,True,True,1.2,True
319,2629,paired_6,11,-0.8220132201322013,-0.2358573585735857,-0.4150041500415004,-0.3955364553645536,hit,True,True,1.2,True
320,2630,paired_4,2,-0.5742657426574266,-0.0729157291572915,-0.2864678646786467,-0.0558830588305883,split,True,True,1.2,True
321,2631,paired_4,3,-0.4954049540495405,-0.0336953369533695,-0.2476524765247652,0.0201877018770187,split,True,True,1.2,True
322,2632,paired_4,4,-0.4110941109411094,0.011830118301183,-0.2059520595205952,0.1033435334353343,split,True,True,1.2,True
323,2633,paired_4,5,-0.3303833038330383,0.0510180101801018,-0.1657866578665786,0.2000770007700077,split,True,True,1.2,True
324,2634,paired_4,6,-0.2465724657246572,0.1008885088850888,-0.1219112191121911,0.3019855198551985,split,True,True,1.2,True
325,2635,paired_4,7,-0.94879948799488,-0.0569180691806918,-0.4754197541975419,0.0317878178781787,split,True,True,1.2,True
326,2636,paired_4,8,-1.020710207102071,-0.1408564085640856,-0.5094150941509415,-0.1581015810158101,hit,True,True,1.2,True
327,2637,paired_4,9,-1.089710897108971,-0.2304673046730467,-0.5423304233042331,-0.3779662796627966,hit,True,True,1.2,True
328,2638,paired_4,10,-0.9959849598495985,-0.2636726367263672,-0.4998874988749887,-0.4637046370463704,hit,True,True,1.2,True
329,2639,paired_4,11,-0.8230632306323064,-0.2004320043200432,-0.4145016450164501,-0.3674311743117431,hit,True,True,1.2,True
330,2640,paired_aces,2,-0.0726257262572625,0.0793182931829318,-0.2883028830288303,1.3094480944809448,split,True,True,1.2,True
331,2641,paired_aces,3,-0.005750057500575,0.1084585845858458,-0.2477624776247762,1.3585035850358504,split,True,True,1.2,True
332,2642,paired_aces,4,0.060080600806008,0.1413264132641326,-0.2056070560705607,1.4101441014410143,split,True,True,1.2,True
333,2643,paired_aces,5,0.1265612656126561,0.1822418224182241,-0.1645366453664536,1.47939979399794,split,True,True,1.2,True
334,2644,paired_aces,6,0.1979019790197902,0.2298872988729887,-0.1253512535125351,1.555338053380534,split,True,True,1.2,True
335,2645,paired_aces,7,-0.1820818208182081,0.1663441634416344,-0.4722847228472285,1.463960889608896,split,True,True,1.2,True
336,2646,paired_aces,8,-0.3150581505815058,0.0972434724347243,-0.510130101301013,1.3443034430344305,split,True,True,1.2,True
337,2647,paired_aces,9,-0.4558395583955839,-0.00030000300003,-0.5431654316543165,1.1635728857288572,split,True,True,1.2,True
338,2648,paired_aces,10,-0.4776097760977609,-0.0661056610566105,-0.498879988799888,0.9453719537195372,split,True,True,1.2,True
339,2649,paired_aces,11,-0.4043140431404314,-0.043110431104311,-0.4135241352413524,0.7334523345233452,split,True,True,1.2,True
0,1650,20,2,-1.7061820618206185,-0.8530910309103091,0.6336763367633677,,stand,True,False,1.5,True
1,1651,20,3,-1.7064920649206492,-0.8532460324603246,0.6417564175641757,,stand,True,False,1.5,True
2,1652,20,4,-1.7088020880208803,-0.8544010440104401,0.6543690436904369,,stand,True,False,1.5,True
3,1653,20,5,-1.7030320303203033,-0.8515160151601516,0.6686191861918619,,stand,True,False,1.5,True
4,1654,20,6,-1.7018770187701877,-0.8509385093850939,0.6778642786427864,,stand,True,False,1.5,True
5,1655,20,7,-1.6980569805698058,-0.8490284902849029,0.7732077320773207,,stand,True,False,1.5,True
6,1656,20,8,-1.700562005620056,-0.850281002810028,0.7898953989539895,,stand,True,False,1.5,True
7,1657,20,9,-1.6997169971699717,-0.8498584985849859,0.7563125631256312,,stand,True,False,1.5,True
8,1658,20,10,-1.7198871988719888,-0.8599435994359944,0.4382918829188292,,stand,True,False,1.5,True
9,1659,20,11,-1.7995929959299592,-0.8997964979649796,0.1138961389613896,,stand,True,False,1.5,True
10,1660,19,2,-1.4581845818458186,-0.7300273002730028,0.3784837848378484,,stand,True,False,1.5,True
11,1661,19,3,-1.457569575695757,-0.7286447864478645,0.3945414454144541,,stand,True,False,1.5,True
12,1662,19,4,-1.4516945169451694,-0.72679976799768,0.4154966549665496,,stand,True,False,1.5,True
13,1663,19,5,-1.455129551295513,-0.7249022490224902,0.4373393733937339,,stand,True,False,1.5,True
14,1664,19,6,-1.4490044900449004,-0.726269762697627,0.4520245202452024,,stand,True,False,1.5,True
15,1665,19,7,-1.4357843578435785,-0.7145346453464535,0.6162636626366264,,stand,True,False,1.5,True
16,1666,19,8,-1.4270942709427097,-0.7147771477714777,0.5948209482094821,,stand,True,False,1.5,True
17,1667,19,9,-1.429279292792928,-0.7161971619716198,0.2873628736287363,,stand,True,False,1.5,True
18,1668,19,10,-1.3454784547845478,-0.6737817378173782,0.0589380893808938,,stand,True,False,1.5,True
19,1669,19,11,-1.0132251322513226,-0.5055925559255593,0.1317363173631736,,stand,True,False,1.5,True
20,1670,18,2,-1.24550245502455,-0.6240912409124091,0.1074210742107421,,stand,True,False,1.5,True
21,1671,18,3,-1.2358373583735838,-0.6226837268372684,0.1375363753637536,,stand,True,False,1.5,True
22,1672,18,4,-1.2350873508735087,-0.6177336773367733,0.1665466654666546,,stand,True,False,1.5,True
23,1673,18,5,-1.2324623246232462,-0.6155086550865508,0.1948444484444844,,stand,True,False,1.5,True
24,1674,18,6,-1.2251622516225162,-0.6134336343363433,0.2233572335723357,,stand,True,False,1.5,True
25,1675,18,7,-1.1817568175681756,-0.5916159161591615,0.4012640126401264,,stand,True,False,1.5,True
26,1676,18,8,-1.181591815918159,-0.5899958999589996,0.1051985519855198,,stand,True,False,1.5,True
27,1677,18,9,-1.2329773297732978,-0.6178536785367854,-0.1866818668186682,,stand,True,False,1.5,True
28,1678,18,10,-1.1940369403694038,-0.5976309763097631,-0.1638491384913849,,stand,True,False,1.5,True
29,1679,18,11,-0.8853988539885399,-0.4434394343943439,-0.1555365553655536,,stand,True,False,1.5,True
30,1680,17,2,-1.0749257492574926,-0.5407079070790708,-0.1572840728407284,,stand,True,False,1.5,True
31,1681,17,3,-1.067350673506735,-0.5339653396533965,-0.1187936879368793,,stand,True,False,1.5,True
32,1682,17,4,-1.0600656006560063,-0.5290677906779068,-0.0803058030580305,,stand,True,False,1.5,True
33,1683,17,5,-1.049420494204942,-0.5238927389273893,-0.0480254802548025,,stand,True,False,1.5,True
34,1684,17,6,-1.037820378203782,-0.5182451824518245,-0.0062275622756227,,stand,True,False,1.5,True
35,1685,17,7,-0.9654146541465416,-0.4846873468734687,-0.1071060710607106,,stand,True,False,1.5,True
36,1686,17,8,-1.005410054100541,-0.503490034900349,-0.3817538175381754,,stand,True,False,1.5,True
37,1687,17,9,-1.1047560475604756,-0.5537705377053771,-0.4222117221172212,,stand,True,False,1.5,True
38,1688,17,10,-1.080790807908079,-0.5396853968539685,-0.3878713787137871,,stand,True,False,1.5,True
39,1689,17,11,-0.8007230072300723,-0.4014890148901489,-0.3559860598605986,,stand,True,False,1.5,True
40,1690,16,2,-0.945809458094581,-0.4736497364973649,-0.2876978769787698,,stand,True,False,1.5,True
41,1691,16,3,-0.93459934599346,-0.466159661596616,-0.2479874798747987,,stand,True,False,1.5,True
42,1692,16,4,-0.9160491604916048,-0.4578820788207882,-0.2043770437704377,,stand,True,False,1.5,True
43,1693,16,5,-0.9022890228902288,-0.4496219962199622,-0.1664416644166441,,stand,True,False,1.5,True
44,1694,16,6,-0.8814438144381443,-0.4396018960189602,-0.1206562065620656,,stand,True,False,1.5,True
45,1695,16,7,-0.8232732327323273,-0.4165791657916579,-0.474319743197432,,hit,True,False,1.5,True
46,1696,16,8,-0.9236342363423634,-0.4582070820708207,-0.509830098300983,,hit,True,False,1.5,True
47,1697,16,9,-1.022920229202292,-0.5104526045260452,-0.5439254392543925,,hit,True,False,1.5,True
48,1698,16,10,-0.999459994599946,-0.4985574855748557,-0.498679986799868,,hit,True,False,1.5,True
49,1699,16,11,-0.7520175201752017,-0.3735962359623596,-0.4113791137911379,,hit,True,False,1.5,True
50,1700,15,2,-0.8335833358333583,-0.4204992049920499,-0.2863778637786378,,stand,True,False,1.5,True
51,1701,15,3,-0.8159781597815978,-0.4096990969909699,-0.2459824598245982,,stand,True,False,1.5,True
52,1702,15,4,-0.7944379443794438,-0.3982164821648216,-0.2071920719207192,,stand,True,False,1.5,True
53,1703,15,5,-0.7706027060270603,-0.3835188351883519,-0.1643366433664336,,stand,True,False,1.5,True
54,1704,15,6,-0.7497324973249733,-0.3739312393123931,-0.1223662236622366,,stand,True,False,1.5,True
55,1705,15,7,-0.7480274802748027,-0.3681961819618196,-0.4749647496474964,,hit,True,False,1.5,True
56,1706,15,8,-0.8415234152341523,-0.4152816528165282,-0.5131201312013121,,hit,True,False,1.5,True
57,1707,15,9,-0.9488744887448874,-0.4708222082220822,-0.5418704187041871,,hit,True,False,1.5,True
58,1708,15,10,-0.9290642906429064,-0.4676646766467665,-0.4991749917499175,,hit,True,False,1.5,True
59,1709,15,11,-0.7103621036210362,-0.3520935209352093,-0.4139241392413924,,hit,True,False,1.5,True
60,1710,14,2,-0.7296572965729657,-0.3636711367113671,-0.2845228452284523,,stand,True,False,1.5,True
61,1711,14,3,-0.7047970479704797,-0.3483284832848328,-0.2433324333243332,,stand,True,False,1.5,True
62,1712,14,4,-0.6707717077170772,-0.3386108861088611,-0.2059820598205982,,stand,True,False,1.5,True
63,1713,14,5,-0.6369213692136921,-0.317920679206792,-0.1640716407164071,,stand,True,False,1.5,True
64,1714,14,6,-0.6099660996609966,-0.3054330543305433,-0.1209762097620976,,stand,True,False,1.5,True
65,1715,14,7,-0.6675416754167541,-0.3183481834818348,-0.4770747707477075,,hit,True,False,1.5,True
66,1716,14,8,-0.7638126381263812,-0.3710837108371084,-0.5096450964509646,,hit,True,False,1.5,True
67,1717,14,9,-0.8810088100881008,-0.4315418154181542,-0.5398653986539865,,hit,True,False,1.5,True
68,1718,14,10,-0.8613936139361393,-0.4311943119431194,-0.4969824698246982,,hit,True,False,1.5,True
69,1719,14,11,-0.6668766687666877,-0.3243732437324373,-0.4126091260912609,,hit,True,False,1.5,True
70,1720,13,2,-0.6206112061120611,-0.3085880858808588,-0.2840678406784068,,stand,True,False,1.5,True
71,1721,13,3,-0.5781107811078111,-0.2902529025290253,-0.2465474654746547,,stand,True,False,1.5,True
72,1722,13,4,-0.547710477104771,-0.2735427354273543,-0.2069920699206992,,stand,True,False,1.5,True
73,1723,13,5,-0.5147551475514756,-0.2575025750257502,-0.1660416604166041,,stand,True,False,1.5,True
74,1724,13,6,-0.475239752397524,-0.2359798597985979,-0.1215112151121511,,stand,True,False,1.5,True
75,1725,13,7,-0.5859558595585956,-0.2666251662516625,-0.4761247612476125,,hit,True,False,1.5,True
76,1726,13,8,-0.6919819198191982,-0.3271707717077171,-0.510380103801038,,hit,True,False,1.5,True
77,1727,13,9,-0.8040230402304023,-0.3882713827138271,-0.5399703997039971,,hit,True,False,1.5,True
78,1728,13,10,-0.8036130361303613,-0.3908864088640886,-0.500480004800048,,hit,True,False,1.5,True
79,1729,13,11,-0.6224462244622446,-0.2981579815798158,-0.4151491514915149,,hit,True,False,1.5,True
80,1730,12,2,-0.5039250392503926,-0.2539750397503975,-0.2865228652286523,,hit,True,False,1.5,True
81,1731,12,3,-0.4628646286462864,-0.2318648186481864,-0.2464624646246462,,hit,True,False,1.5,True
82,1732,12,4,-0.4258442584425844,-0.2122771227712277,-0.2055020550205502,,stand,True,False,1.5,True
83,1733,12,5,-0.3913789137891379,-0.1922919229192292,-0.1625216252162521,,stand,True,False,1.5,True
84,1734,12,6,-0.3348233482334823,-0.1728317283172831,-0.1237662376623766,,stand,True,False,1.5,True
85,1735,12,7,-0.509480094800948,-0.2118421184211842,-0.4737547375473754,,hit,True,False,1.5,True
86,1736,12,8,-0.6174161741617417,-0.2722252222522225,-0.5075550755507555,,hit,True,False,1.5,True
87,1737,12,9,-0.7391373913739138,-0.3404184041840418,-0.5419054190541905,,hit,True,False,1.5,True
88,1738,12,10,-0.7365123651236513,-0.3532310323103231,-0.5005975059750597,,hit,True,False,1.5,True
89,1739,12,11,-0.5814808148081481,-0.2671551715517155,-0.4127966279662796,,hit,True,False,1.5,True
90,1740,11,2,0.4707797077970779,0.2385123851238512,-0.2890928909289093,,double,True,False,1.5,True
91,1741,11,3,0.520520205202052,0.2611876118761188,-0.2456424564245642,,double,True,False,1.5,True
92,1742,11,4,0.5661406614066141,0.2828728287282873,-0.2072970729707297,,double,True,False,1.5,True
93,1743,11,5,0.6246212462124622,0.3081355813558135,-0.1642266422664226,,double,True,False,1.5,True
94,1744,11,6,0.6636066360663606,0.3349208492084921,-0.1186111861118611,,double,True,False,1.5,True
95,1745,11,7,0.4629846298462984,0.2931054310543105,-0.4739147391473914,,double,True,False,1.5,True
96,1746,11,8,0.3495184951849518,0.2306248062480624,-0.509220092200922,,double,True,False,1.5,True
97,1747,11,9,0.2267672676726767,0.1564090640906409,-0.5404754047540475,,double,True,False,1.5,True
98,1748,11,10,0.1673566735667356,0.1107011070110701,-0.499889998899989,,double,True,False,1.5,True
99,1749,11,11,0.0722157221572215,0.0716157161571615,-0.4131441314413144,,double,True,False,1.5,True
100,1750,10,2,0.3560735607356073,0.1812468124681246,-0.2882128821288213,,double,True,False,1.5,True
101,1751,10,3,0.4067690676906769,0.2057245572455724,-0.2457274572745727,,double,True,False,1.5,True
102,1752,10,4,0.4585195851958519,0.2279297792977929,-0.2059120591205912,,double,True,False,1.5,True
103,1753,10,5,0.5112651126511265,0.2578275782757827,-0.1641566415664156,,double,True,False,1.5,True
104,1754,10,6,0.5673956739567396,0.2832653326533265,-0.1206362063620636,,double,True,False,1.5,True
105,1755,10,7,0.3906939069390694,0.254190041900419,-0.4712947129471295,,double,True,False,1.5,True
106,1756,10,8,0.2831328313283133,0.1963719637196372,-0.5094350943509435,,double,True,False,1.5,True
107,1757,10,9,0.1483114831148311,0.1156886568865688,-0.542590425904259,,double,True,False,1.5,True
108,1758,10,10,-0.0130351303513035,0.0221152211522115,-0.4977524775247752,,hit,True,False,1.5,True
109,1759,10,11,-0.0220752207522075,0.0212152121521215,-0.4135066350663506,,hit,True,False,1.5,True
110,1760,soft_20,2,0.3618886188861888,0.1838918389183891,0.6357013570135701,,stand,True,False,1.5,True
111,1761,soft_20,3,0.4149991499914999,0.2049395493954939,0.6439189391893919,,stand,True,False,1.5,True
112,1762,soft_20,4,0.4642046420464205,0.2294047940479404,0.6560340603406034,,stand,True,False,1.5,True
113,1763,soft_20,5,0.5123601236012361,0.258990089900899,0.6678791787917879,,stand,True,False,1.5,True
114,1764,soft_20,6,0.5663356633566335,0.282780327803278,0.6762417624176241,,stand,True,False,1.5,True
115,1765,soft_20,7,0.3921789217892178,0.257860078600786,0.7732777327773278,,stand,True,False,1.5,True
116,1766,soft_20,8,0.2790577905779058,0.1944919449194491,0.791560415604156,,stand,True,False,1.5,True
117,1767,soft_20,9,0.1415914159141591,0.1146886468864688,0.7588475884758847,,stand,True,False,1.5,True
118,1768,soft_20,10,-0.010230102301023,0.0251152511525115,0.5112801128011281,,stand,True,False,1.5,True
119,1769,soft_20,11,-0.0149551495514955,0.0223852238522385,0.4172991729917299,,stand,True,False,1.5,True
120,1770,soft_19,2,0.2364573645736457,0.1242637426374263,0.3779787797877978,,stand,True,False,1.5,True
121,1771,soft_19,3,0.2917679176791768,0.1456514565145651,0.3981714817148171,,stand,True,False,1.5,True
122,1772,soft_19,4,0.3498484984849848,0.1746617466174661,0.4156766567665677,,stand,True,False,1.5,True
123,1773,soft_19,5,0.4072240722407224,0.1976044760447604,0.4363043630436304,,stand,True,False,1.5,True
124,1774,soft_19,6,0.4597045970459704,0.2314623146231462,0.4533395333953339,,double,True,False,1.5,True
125,1775,soft_19,7,0.3173481734817348,0.2190696906969069,0.6151736517365174,,stand,True,False,1.5,True
126,1776,soft_19,8,0.1884018840188402,0.1491739917399174,0.5949434494344944,,stand,True,False,1.5,True
127,1777,soft_19,9,-0.0665356653566535,0.0080125801258012,0.288810388103881,,stand,True,False,1.5,True
128,1778,soft_19,10,-0.2159221592215922,-0.0819033190331903,0.058340583405834,,stand,True,False,1.5,True
129,1779,soft_19,11,-0.1541165411654116,-0.0446279462794627,0.1308738087380873,,stand,True,False,1.5,True
130,1780,soft_18,2,0.1146611466114661,0.0591455914559145,0.1120111201112011,,double,True,False,1.5,True
131,1781,soft_18,3,0.1752067520675206,0.0862383623836238,0.1379438794387943,,double,True,False,1.5,True
132,1782,soft_18,4,0.2389573895738957,0.1166761667616676,0.1656616566165661,,double,True,False,1.5,True
133,1783,soft_18,5,0.2955929559295593,0.1460914609146091,0.1950494504945049,,double,True,False,1.5,True
134,1784,soft_18,6,0.3534085340853408,0.1798367983679837,0.2231047310473104,,double,True,False,1.5,True
135,1785,soft_18,7,0.2171721717217172,0.1718642186421864,0.4007440074400744,,stand,True,False,1.5,True
136,1786,soft_18,8,-0.0295052950529505,0.037830378303783,0.1076535765357653,,stand,True,False,1.5,True
137,1787,soft_18,9,-0.2872428724287242,-0.1022785227852278,-0.1808243082430824,,hit,True,False,1.5,True
138,1788,soft_18,10,-0.3230132301323013,-0.1323413234132341,-0.1646016460164601,,hit,True,False,1.5,True
139,1789,soft_18,11,-0.2869278692786928,-0.1107786077860778,-0.1553490534905349,,hit,True,False,1.5,True
140,1790,soft_17,2,-0.0092850928509285,-0.0030125301253012,-0.1571340713407134,,hit,True,False,1.5,True
141,1791,soft_17,3,0.0564855648556485,0.0311178111781117,-0.1213712137121371,,double,True,False,1.5,True
142,1792,soft_17,4,0.1125411254112541,0.0643381433814338,-0.0839333393333933,,double,True,False,1.5,True
143,1793,soft_17,5,0.1796817968179681,0.0929459294592946,-0.0465629656296563,,double,True,False,1.5,True
144,1794,soft_17,6,0.2462874628746287,0.1326563265632656,-0.007110071100711,,double,True,False,1.5,True
145,1795,soft_17,7,-0.014640146401464,0.0537255372553725,-0.1082710827108271,,hit,True,False,1.5,True
146,1796,soft_17,8,-0.2595725957259572,-0.0713532135321353,-0.3817438174381743,,hit,True,False,1.5,True
147,1797,soft_17,9,-0.3945789457894579,-0.1500240002400024,-0.4237917379173792,,hit,True,False,1.5,True
148,1798,soft_17,10,-0.4217392173921739,-0.1830943309433094,-0.3878163781637816,,hit,True,False,1.5,True
149,1799,soft_17,11,-0.3794887948879489,-0.1524890248902489,-0.3542960429604296,,hit,True,False,1.5,True
150,1800,soft_16,2,-0.07250072500725,-0.0192726927269272,-0.2866978669786698,,hit,True,False,1.5,True
151,1801,soft_16,3,-0.0105751057510575,0.0119426194261942,-0.2448924489244892,,hit,True,False,1.5,True
152,1802,soft_16,4,0.0583655836558365,0.0487454874548745,-0.2055570555705557,,double,True,False,1.5,True
153,1803,soft_16,5,0.1285812858128581,0.086850868508685,-0.1632366323663236,,double,True,False,1.5,True
154,1804,soft_16,6,0.1913319133191331,0.1261812618126181,-0.1177011770117701,,double,True,False,1.5,True
155,1805,soft_16,7,-0.1815468154681546,-0.0046875468754687,-0.4732747327473274,,hit,True,False,1.5,True
156,1806,soft_16,8,-0.3173231732317323,-0.0650856508565085,-0.508580085800858,,hit,True,False,1.5,True
157,1807,soft_16,9,-0.4554895548955489,-0.1475914759147591,-0.53890038900389,,hit,True,False,1.5,True
158,1808,soft_16,10,-0.474549745497455,-0.1919069190691907,-0.501410014100141,,hit,True,False,1.5,True
159,1809,soft_16,11,-0.4056190561905619,-0.1413639136391364,-0.4146191461914619,,hit,True,False,1.5,True
160,1810,soft_15,2,-0.066430664306643,0.000140001400014,-0.2885528855288553,,hit,True,False,1.5,True
161,1811,soft_15,3,-0.0063450634506345,0.0346278462784627,-0.2432574325743257,,hit,True,False,1.5,True
162,1812,soft_15,4,0.0704232042320423,0.059040590405904,-0.2047670476704767,,double,True,False,1.5,True
163,1813,soft_15,5,0.1308263082630826,0.1085960859608596,-0.1622166221662216,,double,True,False,1.5,True
164,1814,soft_15,6,0.1953869538695387,0.1521290212902129,-0.1172961729617296,,double,True,False,1.5,True
165,1815,soft_15,7,-0.1837568375683756,0.038940389403894,-0.4746547465474655,,hit,True,False,1.5,True
166,1816,soft_15,8,-0.3104431044310443,-0.027750277502775,-0.5082750827508276,,hit,True,False,1.5,True
167,1817,soft_15,9,-0.454719547195472,-0.1114286142861428,-0.542790427904279,,hit,True,False,1.5,True
168,1818,soft_15,10,-0.4742947429474294,-0.1595740957409574,-0.4989374893748937,,hit,True,False,1.5,True
169,1819,soft_15,11,-0.4049890498904989,-0.1153211532115321,-0.4139366393663937,,hit,True,False,1.5,True
170,1820,soft_14,2,-0.0724757247572475,0.0265377653776537,-0.2883028830288303,,hit,True,False,1.5,True
171,1821,soft_14,3,0.0040000400004,0.0548655486554865,-0.2477124771247712,,hit,True,False,1.5,True
172,1822,soft_14,4,0.0587055870558705,0.09050090500905,-0.2087620876208762,,hit,True,False,1.5,True
173,1823,soft_14,5,0.1348013480134801,0.1285912859128591,-0.1631416314163141,,double,True,False,1.5,True
174,1824,soft_14,6,0.1934619346193462,0.1788342883428834,-0.1233962339623396,,double,True,False,1.5,True
175,1825,soft_14,7,-0.1812618126181261,0.0788732887328873,-0.4738847388473884,,hit,True,False,1.5,True
176,1826,soft_14,8,-0.3160331603316033,0.0134551345513455,-0.510120101201012,,hit,True,False,1.5,True
177,1827,soft_14,9,-0.4564645646456464,-0.0770582705827058,-0.5414454144541445,,hit,True,False,1.5,True
178,1828,soft_14,10,-0.4691996919969199,-0.1290787907879078,-0.4982674826748267,,hit,True,False,1.5,True
179,1829,soft_14,11,-0.4054990549905499,-0.0919984199841998,-0.4151241512415124,,hit,True,False,1.5,True
180,1830,soft_13,2,-0.073350733507335,0.0427054270542705,-0.2849078490784907,,hit,True,False,1.5,True
181,1831,soft_13,3,-0.0016750167501675,0.079350793507935,-0.2477424774247742,,hit,True,False,1.5,True
182,1832,soft_13,4,0.0618156181561815,0.1165361653616536,-0.2056920569205692,,hit,True,False,1.5,True
183,1833,soft_13,5,0.1547140471404714,0.1297662976629766,-0.1637566375663756,,double,True,False,1.5,True
184,1834,soft_13,6,0.2009970099700997,0.1942969429694297,-0.1218562185621856,,double,True,False,1.5,True
185,1835,soft_13,7,-0.1780467804678046,0.1235762357623576,-0.476829768297683,,hit,True,False,1.5,True
186,1836,soft_13,8,-0.3143031430314303,0.0553855538555385,-0.5092050920509205,,hit,True,False,1.5,True
187,1837,soft_13,9,-0.4525845258452584,-0.0386078860788607,-0.5449654496544966,,hit,True,False,1.5,True
188,1838,soft_13,10,-0.4743647436474364,-0.0966634666346663,-0.497739977399774,,hit,True,False,1.5,True
189,1839,soft_13,11,-0.4088240882408824,-0.0670256702567025,-0.4136991369913699,,hit,True,False,1.5,True
190,1840,9,2,0.0616756167561675,0.0891183911839118,-0.2861128611286113,,hit,True,False,1.5,True
191,1841,9,3,0.1225312253122531,0.1188386883868838,-0.2449624496244962,,double,True,False,1.5,True
192,1842,9,4,0.1793017930179301,0.1518040180401804,-0.2072170721707217,,double,True,False,1.5,True
193,1843,9,5,0.2482924829248292,0.1807218072180721,-0.1612666126661266,,double,True,False,1.5,True
194,1844,9,6,0.3056280562805628,0.2138196381963819,-0.1219312193121931,,double,True,False,1.5,True
195,1845,9,7,0.1077760777607776,0.1817418174181742,-0.4734747347473474,,hit,True,False,1.5,True
196,1846,9,8,-0.031360313603136,0.1068410684106841,-0.509940099400994,,hit,True,False,1.5,True
197,1847,9,9,-0.3014630146301463,-0.0451179511795118,-0.5427854278542785,,hit,True,False,1.5,True
198,1848,9,10,-0.4258192581925819,-0.1382313823138231,-0.501850018500185,,hit,True,False,1.5,True
199,1849,9,11,-0.3183531835318353,-0.0845933459334593,-0.4127666276662766,,hit,True,False,1.5,True
200,1850,8,2,-0.2093520935209352,0.00550005500055,-0.2883478834788348,,hit,True,False,1.5,True
201,1851,8,3,-0.1397413974139741,0.0391028910289102,-0.2444424444244442,,hit,True,False,1.5,True
202,1852,8,4,-0.069050690506905,0.074240742407424,-0.2024670246702467,,hit,True,False,1.5,True
203,1853,8,5,0.0081050810508105,0.1126386263862638,-0.1663266632666326,,hit,True,False,1.5,True
204,1854,8,6,0.0756657566575665,0.1531890318903189,-0.1204762047620476,,hit,True,False,1.5,True
205,1855,8,7,-0.1933069330693307,0.1099585995859958,-0.4771247712477124,,hit,True,False,1.5,True
206,1856,8,8,-0.4515245152451524,-0.0378453784537845,-0.5119751197511975,,hit,True,False,1.5,True
207,1857,8,9,-0.7168621686216862,-0.2008620086200862,-0.5424804248042481,,hit,True,False,1.5,True
208,1858,8,10,-0.6839218392183922,-0.2226647266472664,-0.4988324883248832,,hit,True,False,1.5,True
209,1859,8,11,-0.5755807558075581,-0.1804143041430414,-0.4125016250162501,,hit,True,False,1.5,True
210,1860,7,2,-0.4301993019930199,-0.0753332533325333,-0.2861328613286132,,hit,True,False,1.5,True
211,1861,7,3,-0.3573935739357393,-0.03720037200372,-0.2470124701247012,,hit,True,False,1.5,True
212,1862,7,4,-0.2811578115781157,0.0034350343503435,-0.2058820588205882,,hit,True,False,1.5,True
213,1863,7,5,-0.2058770587705877,0.0503630036300363,-0.1666666666666666,,hit,True,False,1.5,True
214,1864,7,6,-0.1184661846618466,0.0989934899348993,-0.1221062210622106,,hit,True,False,1.5,True
215,1865,7,7,-0.5859108591085911,-0.0421829218292182,-0.4742497424974249,,hit,True,False,1.5,True
216,1866,7,8,-0.8431984319843199,-0.1902744027440274,-0.5075050750507505,,hit,True,False,1.5,True
217,1867,7,9,-0.95189951899519,-0.2743827438274382,-0.540680406804068,,hit,True,False,1.5,True
218,1868,7,10,-0.8717737177371774,-0.2909929099290992,-0.4983174831748317,,hit,True,False,1.5,True
219,1869,7,11,-0.7586025860258603,-0.2411274112741127,-0.4154216542165421,,hit,True,False,1.5,True
220,1870,6,2,-0.5522605226052261,-0.1042435424354243,-0.2892778927789278,,hit,True,False,1.5,True
221,1871,6,3,-0.4747947479474795,-0.0594755947559475,-0.2480274802748027,,hit,True,False,1.5,True
222,1872,6,4,-0.3941139411394114,-0.0227927279272792,-0.2075770757707577,,hit,True,False,1.5,True
223,1873,6,5,-0.3105981059810598,0.0258627586275862,-0.1651466514665146,,hit,True,False,1.5,True
224,1874,6,6,-0.2257922579225792,0.0754982549825498,-0.1212512125121251,,hit,True,False,1.5,True
225,1875,6,7,-0.8940989409894099,-0.1245237452374523,-0.4758747587475875,,hit,True,False,1.5,True
226,1876,6,8,-0.9964249642496424,-0.1946469464694647,-0.5108851088510885,,hit,True,False,1.5,True
227,1877,6,9,-1.064720647206472,-0.2803928039280393,-0.541680416804168,,hit,True,False,1.5,True
228,1878,6,10,-0.9829748297482976,-0.3030555305553055,-0.4983574835748357,,hit,True,False,1.5,True
229,1879,6,11,-0.8123681236812368,-0.2337048370483704,-0.4124266242662426,,hit,True,False,1.5,True
230,1880,5,2,-0.5750057500575005,-0.09070090700907,-0.2865478654786548,,hit,True,False,1.5,True
231,1881,5,3,-0.4954149541495415,-0.0483579835798358,-0.2457474574745747,,hit,True,False,1.5,True
232,1882,5,4,-0.4155941559415594,-0.0082075820758207,-0.2052670526705267,,hit,True,False,1.5,True
233,1883,5,5,-0.3320933209332093,0.0398728987289872,-0.1651716517165171,,hit,True,False,1.5,True
234,1884,5,6,-0.2426424264242642,0.0879383793837938,-0.1214412144121441,,hit,True,False,1.5,True
235,1885,5,7,-0.949779497794978,-0.0870533705337053,-0.4782847828478285,,hit,True,False,1.5,True
236,1886,5,8,-1.018450184501845,-0.1703942039420394,-0.5095250952509525,,hit,True,False,1.5,True
237,1887,5,9,-1.0816308163081632,-0.2575275752757527,-0.5440454404544045,,hit,True,False,1.5,True
238,1888,5,10,-0.9955549555495556,-0.2839278392783927,-0.497319973199732,,hit,True,False,1.5,True
239,1889,5,11,-0.8273282732827328,-0.2171396713967139,-0.4140391403914039,,hit,True,False,1.5,True
240,1890,paired_18,2,-1.2465194431108977,-0.6249199871979517,0.1070571291406625,0.1957313170107217,split,True,False,1.5,True
241,1891,paired_18,3,-1.2363978236517843,-0.6215194431108978,0.1406825092014722,0.2554008641382621,split,True,False,1.5,True
242,1892,paired_18,4,-1.2273563770203233,-0.6168186909905585,0.1734277484397503,0.3305528884621539,split,True,False,1.5,True
243,1893,paired_18,5,-1.2359977596415426,-0.6147183549367898,0.1898903824611938,0.3911425828132501,split,True,False,1.5,True
244,1894,paired_18,6,-1.2201552248359735,-0.6193190910545687,0.2257961273803808,0.4536925908145303,split,True,False,1.5,True
245,1895,paired_18,7,-1.1849095855336853,-0.6015362457993279,0.4038846215394463,0.3624179868779004,stand,True,False,1.5,True
246,1896,paired_18,8,-1.1783485357657224,-0.5897143542966875,0.1094975196031365,0.2364778364538326,split,True,False,1.5,True
247,1897,paired_18,9,-1.2260361657865255,-0.6204392702832453,-0.1786285805728916,-0.0732317170747319,split,True,False,1.5,True
248,1898,paired_18,10,-1.1947511601856298,-0.5955152824451913,-0.1678668586973915,-0.2976276204192671,stand,True,False,1.5,True
249,1899,paired_18,11,-0.8816210593694991,-0.4459113458153304,-0.1596255400864138,-0.1762081933109297,stand,True,False,1.5,True
250,1900,paired_16,2,-0.9524723955832932,-0.479016642662826,-0.2790046407425188,0.0607897263562169,split,True,False,1.5,True
251,1901,paired_16,3,-0.9275084013442152,-0.4666546647463594,-0.2483997439590334,0.135261641862698,split,True,False,1.5,True
252,1902,paired_16,4,-0.9139462313970236,-0.4609137461993919,-0.2030324851976316,0.2159145463274124,split,True,False,1.5,True
253,1903,paired_16,5,-0.8968634981597056,-0.4570131220995359,-0.1641062570011202,0.285885741718675,split,True,False,1.5,True
254,1904,paired_16,6,-0.8848215714514323,-0.4430508881421027,-0.1171787485997759,0.3702992478796607,split,True,False,1.5,True
255,1905,paired_16,7,-0.8329732757241158,-0.4131261001760282,-0.4726356216994719,0.333993438950232,split,True,False,1.5,True
256,1906,paired_16,8,-0.9133861417826852,-0.458753400544087,-0.5010401664266283,-0.0242238758201312,split,True,False,1.5,True
257,1907,paired_16,9,-1.0253240518482958,-0.5108417346775485,-0.5460473675788126,-0.3817010721715475,split,True,False,1.5,True
258,1908,paired_16,10,-0.989758361337814,-0.5033605376860297,-0.4987397983677388,-0.4392502800448071,split,True,False,1.5,True
259,1909,paired_16,11,-0.7452792446791486,-0.3783005280844935,-0.4227476396223396,-0.3602376380220835,split,True,False,1.5,True
260,1910,paired_14,2,-0.7333573371739478,-0.3606577052328372,-0.2820451272203552,-0.1325012001920307,split,True,False,1.5,True
261,1911,paired_14,3,-0.6887902064330292,-0.349375900144023,-0.2463594175068011,-0.023203712594015,split,True,False,1.5,True
262,1912,paired_14,4,-0.6770283245319251,-0.3311529844775164,-0.2084333493358937,0.0513882221155384,split,True,False,1.5,True
263,1913,paired_14,5,-0.6281405024803969,-0.320311249799968,-0.1651464234277484,0.1586053768602976,split,True,False,1.5,True
264,1914,paired_14,6,-0.616218594975196,-0.3136701872299568,-0.1198991838694191,0.2399383901424228,split,True,False,1.5,True
265,1915,paired_14,7,-0.6771883501360217,-0.3172507601216194,-0.4759161465834533,-0.0438270123219715,split,True,False,1.5,True
266,1916,paired_14,8,-0.7611617858857417,-0.3733197311569851,-0.5098815810529684,-0.3804208673387742,hit,True,False,1.5,True
267,1917,paired_14,9,-0.8852616418626981,-0.4238078092494799,-0.5436869899183869,-0.5889542326772284,hit,True,False,1.5,True
268,1918,paired_14,10,-0.8634181469035046,-0.4310289646343415,-0.494879180668907,-0.6163586173787806,hit,True,False,1.5,True
269,1919,paired_14,11,-0.6521443430948952,-0.3266122579612738,-0.4149863978236517,-0.5167226756281005,hit,True,False,1.5,True
270,1920,paired_12,2,-0.4987197951672267,-0.2531004960793727,-0.2860457673227716,-0.1988918226916306,split,True,False,1.5,True
271,1921,paired_12,3,-0.4687149943991038,-0.2345975356056969,-0.2410785725716114,-0.1008761401824291,split,True,False,1.5,True
272,1922,paired_12,4,-0.4315490478476556,-0.2095735317650824,-0.2076732277164346,0.0021403424547927,split,True,False,1.5,True
273,1923,paired_12,5,-0.3840614498319731,-0.1837493999039846,-0.1695071211393823,0.098155704912786,split,True,False,1.5,True
274,1924,paired_12,6,-0.3550568090894543,-0.1717674827972475,-0.1266602656425028,0.1899703952632421,split,True,False,1.5,True
275,1925,paired_12,7,-0.495119219075052,-0.2094935189630341,-0.4725956152984477,-0.2443791006561049,hit,True,False,1.5,True
276,1926,paired_12,8,-0.6204192670827332,-0.2721035365658505,-0.5079612738038086,-0.4220075212033925,hit,True,False,1.5,True
277,1927,paired_12,9,-0.7565610497679629,-0.3434349495919347,-0.5423667786845895,-0.6069171067370779,hit,True,False,1.5,True
278,1928,paired_12,10,-0.7385981757081133,-0.3589174267882861,-0.5037005920947352,-0.652584413506161,hit,True,False,1.5,True
279,1929,paired_12,11,-0.5800928148503761,-0.2689230276844295,-0.409185469675148,-0.508301328212514,hit,True,False,1.5,True
280,1930,paired_10,2,0.3589374299887982,0.1881100976156185,-0.2872059529524724,-0.2674627940470475,double,True,False,1.5,True
281,1931,paired_10,3,0.4094655144823171,0.2032925268042887,-0.2476796287405984,-0.2051728276524244,double,True,False,1.5,True
282,1932,paired_10,4,0.4596735477676428,0.2273563770203232,-0.2044727156345015,-0.1103376540246439,double,True,False,1.5,True
283,1933,paired_10,5,0.5221235397663626,0.2560409665546487,-0.1625060009601536,0.0098215714514322,double,True,False,1.5,True
284,1934,paired_10,6,0.569091054568731,0.2849855976956313,-0.1160585693710993,0.1001760281645063,double,True,False,1.5,True
285,1935,paired_10,7,0.3815410465674508,0.2529604736757881,-0.4824771963514162,-0.2832853256521043,double,True,False,1.5,True
286,1936,paired_10,8,0.2933269323091694,0.2006321011361818,-0.5136021763482157,-0.4466114578332533,double,True,False,1.5,True
287,1937,paired_10,9,0.1389822371579452,0.1119779164666346,-0.5436869899183869,-0.6306609057449192,double,True,False,1.5,True
288,1938,paired_10,10,-0.0132821251400224,0.0237638022083533,-0.5039406305008801,-0.6720275244039047,hit,True,False,1.5,True
289,1939,paired_10,11,-0.0241238598175708,0.0327452392382781,-0.4114058249319891,-0.5217434789566331,hit,True,False,1.5,True
290,1940,paired_8,2,-0.2159545527284365,0.0081212994079052,-0.2815250440070411,-0.1743879020643303,hit,True,False,1.5,True
291,1941,paired_8,3,-0.149903984637542,0.0404864778364538,-0.2489198271723475,-0.0900344055048807,hit,True,False,1.5,True
292,1942,paired_8,4,-0.0553688590174427,0.0778124499919987,-0.2065930548887822,-0.0075412065930548,hit,True,False,1.5,True
293,1943,paired_8,5,0.0073211713874219,0.1089774363898223,-0.160905744919187,0.0968955032805248,hit,True,False,1.5,True
294,1944,paired_8,6,0.0646103376540246,0.1896503440550488,-0.1190190430468875,0.1566650664106257,hit,True,False,1.5,True
295,1945,paired_8,7,-0.182389182269163,0.1056369019043046,-0.478036485837734,-0.1360817730836934,hit,True,False,1.5,True
296,1946,paired_8,8,-0.4431509041446631,-0.0477676428228516,-0.5098015682509202,-0.3120699311889902,hit,True,False,1.5,True
297,1947,paired_8,9,-0.7181949111857897,-0.2011521843494959,-0.5442870859337494,-0.5043807009121459,hit,True,False,1.5,True
298,1948,paired_8,10,-0.6755880940950552,-0.2225356056969115,-0.4970195231236998,-0.5763722195551289,hit,True,False,1.5,True
299,1949,paired_8,11,-0.577412385981757,-0.1834093454952792,-0.4133861417826852,-0.4477116338614178,hit,True,False,1.5,True
300,1950,paired_6,2,-0.5652904464714354,-0.1039566330612898,-0.282245159225476,-0.1064570331253,hit,True,False,1.5,True
301,1951,paired_6,3,-0.4684349495919347,-0.0459873579772763,-0.2459593534965594,-0.0595695311249799,hit,True,False,1.5,True
302,1952,paired_6,4,-0.4020643302928469,-0.0197431589054248,-0.2064330292846855,0.050548087694031,split,True,False,1.5,True
303,1953,paired_6,5,-0.3122899663946231,0.0361657865258441,-0.166746679468715,0.1482637221955512,split,True,False,1.5,True
304,1954,paired_6,6,-0.2200752120339254,0.0700912145943351,-0.1196191390622499,0.2595615298447751,split,True,False,1.5,True
305,1955,paired_6,7,-0.8846615458473356,-0.1230996959513522,-0.468995039206273,-0.0381261001760281,split,True,False,1.5,True
306,1956,paired_6,8,-0.9908785405664906,-0.1950912145943351,-0.5086413826212194,-0.2044527124339894,hit,True,False,1.5,True
307,1957,paired_6,9,-1.0718514962393983,-0.2839054248679789,-0.5484077452392383,-0.4331493038886221,hit,True,False,1.5,True
308,1958,paired_6,10,-0.9772363578172508,-0.3095295247239558,-0.4937590014402304,-0.5065610497679629,hit,True,False,1.5,True
309,1959,paired_6,11,-0.8192910865738519,-0.233657385181629,-0.414066250600096,-0.4019843174907985,hit,True,False,1.5,True
310,1960,paired_4,2,-0.5640102416386622,-0.0735717714834373,-0.2830852936469835,-0.0554088654184669,split,True,False,1.5,True
311,1961,paired_4,3,-0.4940790526484237,-0.0417866858697391,-0.2489998399743959,0.0105616898703792,split,True,False,1.5,True
312,1962,paired_4,4,-0.4048647783645383,0.0211633861417826,-0.2010321651464234,0.0912145943350936,split,True,False,1.5,True
313,1963,paired_4,5,-0.3207713234117458,0.0624299887982077,-0.1646263402144343,0.1948511761881901,split,True,False,1.5,True
314,1964,paired_4,6,-0.2366778684589534,0.0950552088334133,-0.1178988638182109,0.3087093935029604,split,True,False,1.5,True
315,1965,paired_4,7,-0.957513202112338,-0.0514882381180989,-0.4697551608257321,0.0230836933909425,split,True,False,1.5,True
316,1966,paired_4,8,-1.0112818050888142,-0.1432629220675308,-0.504880780924948,-0.173107697231557,hit,True,False,1.5,True
317,1967,paired_4,9,-1.0997759641542646,-0.2309969595135221,-0.5416866698671787,-0.3699191870699312,hit,True,False,1.5,True
318,1968,paired_4,10,-1.0048407745239238,-0.2644423107697231,-0.4944591134581533,-0.4674147863658185,hit,True,False,1.5,True
319,1969,paired_4,11,-0.8348535765722516,-0.1994519123059689,-0.4110457673227716,-0.3658585373659785,hit,True,False,1.5,True
320,1970,paired_aces,2,-0.0623699791966714,0.0784325492078732,-0.2872059529524724,1.3041086573851817,split,True,False,1.5,True
321,1971,paired_aces,3,-0.013922227556409,0.1200992158745399,-0.2387582013122099,1.3583073291726675,split,True,False,1.5,True
322,1972,paired_aces,4,0.0610897743638982,0.1422027524403904,-0.2013122099535925,1.42332773243719,split,True,False,1.5,True
323,1973,paired_aces,5,0.1253800608097295,0.1899103856617058,-0.1553848615778524,1.4850676108177308,split,True,False,1.5,True
324,1974,paired_aces,6,0.185789726356217,0.2299167866858697,-0.1244599135861737,1.5540086413826213,split,True,False,1.5,True
325,1975,paired_aces,7,-0.1667066730676908,0.1696071371419427,-0.473155704912786,1.468104896783485,split,True,False,1.5,True
326,1976,paired_aces,8,-0.3216914706353016,0.0924747959673547,-0.5059209473515762,1.3424147863658185,split,True,False,1.5,True
327,1977,paired_aces,9,-0.4460713714194271,-0.000980156825092,-0.5516482637221956,1.1627360377660425,split,True,False,1.5,True
328,1978,paired_aces,10,-0.4811569851176188,-0.0577892462794047,-0.4908185309649543,0.944821171387422,split,True,False,1.5,True
329,1979,paired_aces,11,-0.4064650344055048,-0.0473475756120979,-0.4170267242758841,0.7318170907345175,split,True,False,1.5,True
0,1650,20,2,-1.7061820618206185,-0.8530910309103091,0.6336763367633677,,stand,True,False,1.2,True
1,1651,20,3,-1.7064920649206492,-0.8532460324603246,0.6417564175641757,,stand,True,False,1.2,True
2,1652,20,4,-1.7088020880208803,-0.8544010440104401,0.6543690436904369,,stand,True,False,1.2,True
3,1653,20,5,-1.7030320303203033,-0.8515160151601516,0.6686191861918619,,stand,True,False,1.2,True
4,1654,20,6,-1.7018770187701877,-0.8509385093850939,0.6778642786427864,,stand,True,False,1.2,True
5,1655,20,7,-1.6980569805698058,-0.8490284902849029,0.7732077320773207,,stand,True,False,1.2,True
6,1656,20,8,-1.700562005620056,-0.850281002810028,0.7898953989539895,,stand,True,False,1.2,True
7,1657,20,9,-1.6997169971699717,-0.8498584985849859,0.7563125631256312,,stand,True,False,1.2,True
8,1658,20,10,-1.7198871988719888,-0.8599435994359944,0.4382918829188292,,stand,True,False,1.2,True
9,1659,20,11,-1.7995929959299592,-0.8997964979649796,0.1138961389613896,,stand,True,False,1.2,True
10,1660,19,2,-1.4581845818458186,-0.7300273002730028,0.3784837848378484,,stand,True,False,1.2,True
11,1661,19,3,-1.457569575695757,-0.7286447864478645,0.3945414454144541,,stand,True,False,1.2,True
12,1662,19,4,-1.4516945169451694,-0.72679976799768,0.4154966549665496,,stand,True,False,1.2,True
13,1663,19,5,-1.455129551295513,-0.7249022490224902,0.4373393733937339,,stand,True,False,1.2,True
14,1664,19,6,-1.4490044900449004,-0.726269762697627,0.4520245202452024,,stand,True,False,1.2,True
15,1665,19,7,-1.4357843578435785,-0.7145346453464535,0.6162636626366264,,stand,True,False,1.2,True
16,1666,19,8,-1.4270942709427097,-0.7147771477714777,0.5948209482094821,,stand,True,False,1.2,True
17,1667,19,9,-1.429279292792928,-0.7161971619716198,0.2873628736287363,,stand,True,False,1.2,True
18,1668,19,10,-1.3454784547845478,-0.6737817378173782,0.0589380893808938,,stand,True,False,1.2,True
19,1669,19,11,-1.0132251322513226,-0.5055925559255593,0.1317363173631736,,stand,True,False,1.2,True
20,1670,18,2,-1.24550245502455,-0.6240912409124091,0.1074210742107421,,stand,True,False,1.2,True
21,1671,18,3,-1.2358373583735838,-0.6226837268372684,0.1375363753637536,,stand,True,False,1.2,True
22,1672,18,4,-1.2350873508735087,-0.6177336773367733,0.1665466654666546,,stand,True,False,1.2,True
23,1673,18,5,-1.2324623246232462,-0.6155086550865508,0.1948444484444844,,stand,True,False,1.2,True
24,1674,18,6,-1.2251622516225162,-0.6134336343363433,0.2233572335723357,,stand,True,False,1.2,True
25,1675,18,7,-1.1817568175681756,-0.5916159161591615,0.4012640126401264,,stand,True,False,1.2,True
26,1676,18,8,-1.181591815918159,-0.5899958999589996,0.1051985519855198,,stand,True,False,1.2,True
27,1677,18,9,-1.2329773297732978,-0.6178536785367854,-0.1866818668186682,,stand,True,False,1.2,True
28,1678,18,10,-1.1940369403694038,-0.5976309763097631,-0.1638491384913849,,stand,True,False,1.2,True
29,1679,18,11,-0.8853988539885399,-0.4434394343943439,-0.1555365553655536,,stand,True,False,1.2,True
30,1680,17,2,-1.0749257492574926,-0.5407079070790708,-0.1572840728407284,,stand,True,False,1.2,True
31,1681,17,3,-1.067350673506735,-0.5339653396533965,-0.1187936879368793,,stand,True,False,1.2,True
32,1682,17,4,-1.0600656006560063,-0.5290677906779068,-0.0803058030580305,,stand,True,False,1.2,True
33,1683,17,5,-1.049420494204942,-0.5238927389273893,-0.0480254802548025,,stand,True,False,1.2,True
34,1684,17,6,-1.037820378203782,-0.5182451824518245,-0.0062275622756227,,stand,True,False,1.2,True
35,1685,17,7,-0.9654146541465416,-0.4846873468734687,-0.1071060710607106,,stand,True,False,1.2,True
36,1686,17,8,-1.005410054100541,-0.503490034900349,-0.3817538175381754,,stand,True,False,1.2,True
37,1687,17,9,-1.1047560475604756,-0.5537705377053771,-0.4222117221172212,,stand,True,False,1.2,True
38,1688,17,10,-1.080790807908079,-0.5396853968539685,-0.3878713787137871,,stand,True,False,1.2,True
39,1689,17,11,-0.8007230072300723,-0.4014890148901489,-0.3559860598605986,,stand,True,False,1.2,True
40,1690,16,2,-0.945809458094581,-0.4736497364973649,-0.2876978769787698,,stand,True,False,1.2,True
41,1691,16,3,-0.93459934599346,-0.466159661596616,-0.2479874798747987,,stand,True,False,1.2,True
42,1692,16,4,-0.9160491604916048,-0.4578820788207882,-0.2043770437704377,,stand,True,False,1.2,True
43,1693,16,5,-0.9022890228902288,-0.4496219962199622,-0.1664416644166441,,stand,True,False,1.2,True
44,1694,16,6,-0.8814438144381443,-0.4396018960189602,-0.1206562065620656,,stand,True,False,1.2,True
45,1695,16,7,-0.8232732327323273,-0.4165791657916579,-0.474319743197432,,hit,True,False,1.2,True
46,1696,16,8,-0.9236342363423634,-0.4582070820708207,-0.509830098300983,,hit,True,False,1.2,True
47,1697,16,9,-1.022920229202292,-0.5104526045260452,-0.5439254392543925,,hit,True,False,1.2,True
48,1698,16,10,-0.999459994599946,-0.4985574855748557,-0.498679986799868,,hit,True,False,1.2,True
49,1699,16,11,-0.7520175201752017,-0.3735962359623596,-0.4113791137911379,,hit,True,False,1.2,True
50,1700,15,2,-0.8335833358333583,-0.4204992049920499,-0.2863778637786378,,stand,True,False,1.2,True
51,1701,15,3,-0.8159781597815978,-0.4096990969909699,-0.2459824598245982,,stand,True,False,1.2,True
52,1702,15,4,-0.7944379443794438,-0.3982164821648216,-0.2071920719207192,,stand,True,False,1.2,True
53,1703,15,5,-0.7706027060270603,-0.3835188351883519,-0.1643366433664336,,stand,True,False,1.2,True
54,1704,15,6,-0.7497324973249733,-0.3739312393123931,-0.1223662236622366,,stand,True,False,1.2,True
55,1705,15,7,-0.7480274802748027,-0.3681961819618196,-0.4749647496474964,,hit,True,False,1.2,True
56,1706,15,8,-0.8415234152341523,-0.4152816528165282,-0.5131201312013121,,hit,True,False,1.2,True
57,1707,15,9,-0.9488744887448874,-0.4708222082220822,-0.5418704187041871,,hit,True,False,1.2,True
58,1708,15,10,-0.9290642906429064,-0.4676646766467665,-0.4991749917499175,,hit,True,False,1.2,True
59,1709,15,11,-0.7103621036210362,-0.3520935209352093,-0.4139241392413924,,hit,True,False,1.2,True
60,1710,14,2,-0.7296572965729657,-0.3636711367113671,-0.2845228452284523,,stand,True,False,1.2,True
61,1711,14,3,-0.7047970479704797,-0.3483284832848328,-0.2433324333243332,,stand,True,False,1.2,True
62,1712,14,4,-0.6707717077170772,-0.3386108861088611,-0.2059820598205982,,stand,True,False,1.2,True
63,1713,14,5,-0.6369213692136921,-0.317920679206792,-0.1640716407164071,,stand,True,False,1.2,True
64,1714,14,6,-0.6099660996609966,-0.3054330543305433,-0.1209762097620976,,stand,True,False,1.2,True
65,1715,14,7,-0.6675416754167541,-0.3183481834818348,-0.4770747707477075,,hit,True,False,1.2,True
66,1716,14,8,-0.7638126381263812,-0.3710837108371084,-0.5096450964509646,,hit,True,False,1.2,True
67,1717,14,9,-0.8810088100881008,-0.4315418154181542,-0.5398653986539865,,hit,True,False,1.2,True
68,1718,14,10,-0.8613936139361393,-0.4311943119431194,-0.4969824698246982,,hit,True,False,1.2,True
69,1719,14,11,-0.6668766687666877,-0.3243732437324373,-0.4126091260912609,,hit,True,False,1.2,True
70,1720,13,2,-0.6206112061120611,-0.3085880858808588,-0.2840678406784068,,stand,True,False,1.2,True
71,1721,13,3,-0.5781107811078111,-0.2902529025290253,-0.2465474654746547,,stand,True,False,1.2,True
72,1722,13,4,-0.547710477104771,-0.2735427354273543,-0.2069920699206992,,stand,True,False,1.2,True
73,1723,13,5,-0.5147551475514756,-0.2575025750257502,-0.1660416604166041,,stand,True,False,1.2,True
74,1724,13,6,-0.475239752397524,-0.2359798597985979,-0.1215112151121511,,stand,True,False,1.2,True
75,1725,13,7,-0.5859558595585956,-0.2666251662516625,-0.4761247612476125,,hit,True,False,1.2,True
76,1726,13,8,-0.6919819198191982,-0.3271707717077171,-0.510380103801038,,hit,True,False,1.2,True
77,1727,13,9,-0.8040230402304023,-0.3882713827138271,-0.5399703997039971,,hit,True,False,1.2,True
78,1728,13,10,-0.8036130361303613,-0.3908864088640886,-0.500480004800048,,hit,True,False,1.2,True
79,1729,13,11,-0.6224462244622446,-0.2981579815798158,-0.4151491514915149,,hit,True,False,1.2,True
80,1730,12,2,-0.5039250392503926,-0.2539750397503975,-0.2865228652286523,,hit,True,False,1.2,True
81,1731,12,3,-0.4628646286462864,-0.2318648186481864,-0.2464624646246462,,hit,True,False,1.2,True
82,1732,12,4,-0.4258442584425844,-0.2122771227712277,-0.2055020550205502,,stand,True,False,1.2,True
83,1733,12,5,-0.3913789137891379,-0.1922919229192292,-0.1625216252162521,,stand,True,False,1.2,True
84,1734,12,6,-0.3348233482334823,-0.1728317283172831,-0.1237662376623766,,stand,True,False,1.2,True
85,1735,12,7,-0.509480094800948,-0.2118421184211842,-0.4737547375473754,,hit,True,False,1.2,True
86,1736,12,8,-0.6174161741617417,-0.2722252222522225,-0.5075550755507555,,hit,True,False,1.2,True
87,1737,12,9,-0.7391373913739138,-0.3404184041840418,-0.5419054190541905,,hit,True,False,1.2,True
88,1738,12,10,-0.7365123651236513,-0.3532310323103231,-0.5005975059750597,,hit,True,False,1.2,True
89,1739,12,11,-0.5814808148081481,-0.2671551715517155,-0.4127966279662796,,hit,True,False,1.2,True
90,1740,11,2,0.4707797077970779,0.2385123851238512,-0.2890928909289093,,double,True,False,1.2,True
91,1741,11,3,0.520520205202052,0.2611876118761188,-0.2456424564245642,,double,True,False,1.2,True
92,1742,11,4,0.5661406614066141,0.2828728287282873,-0.2072970729707297,,double,True,False,1.2,True
93,1743,11,5,0.6246212462124622,0.3081355813558135,-0.1642266422664226,,double,True,False,1.2,True
94,1744,11,6,0.6636066360663606,0.3349208492084921,-0.1186111861118611,,double,True,False,1.2,True
95,1745,11,7,0.4629846298462984,0.2931054310543105,-0.4739147391473914,,double,True,False,1.2,True
96,1746,11,8,0.3495184951849518,0.2306248062480624,-0.509220092200922,,double,True,False,1.2,True
97,1747,11,9,0.2267672676726767,0.1564090640906409,-0.5404754047540475,,double,True,False,1.2,True
98,1748,11,10,0.1673566735667356,0.1107011070110701,-0.499889998899989,,double,True,False,1.2,True
99,1749,11,11,0.0722157221572215,0.0716157161571615,-0.4131441314413144,,double,True,False,1.2,True
100,1750,10,2,0.3560735607356073,0.1812468124681246,-0.2882128821288213,,double,True,False,1.2,True
101,1751,10,3,0.4067690676906769,0.2057245572455724,-0.2457274572745727,,double,True,False,1.2,True
102,1752,10,4,0.4585195851958519,0.2279297792977929,-0.2059120591205912,,double,True,False,1.2,True
103,1753,10,5,0.5112651126511265,0.2578275782757827,-0.1641566415664156,,double,True,False,1.2,True
104,1754,10,6,0.5673956739567396,0.2832653326533265,-0.1206362063620636,,double,True,False,1.2,True
105,1755,10,7,0.3906939069390694,0.254190041900419,-0.4712947129471295,,double,True,False,1.2,True
106,1756,10,8,0.2831328313283133,0.1963719637196372,-0.5094350943509435,,double,True,False,1.2,True
107,1757,10,9,0.1483114831148311,0.1156886568865688,-0.542590425904259,,double,True,False,1.2,True
108,1758,10,10,-0.0130351303513035,0.0221152211522115,-0.4977524775247752,,hit,True,False,1.2,True
109,1759,10,11,-0.0220752207522075,0.0212152121521215,-0.4135066350663506,,hit,True,False,1.2,True
110,1760,soft_20,2,0.3618886188861888,0.1838918389183891,0.6357013570135701,,stand,True,False,1.2,True
111,1761,soft_20,3,0.4149991499914999,0.2049395493954939,0.6439189391893919,,stand,True,False,1.2,True
112,1762,soft_20,4,0.4642046420464205,0.2294047940479404,0.6560340603406034,,stand,True,False,1.2,True
113,1763,soft_20,5,0.5123601236012361,0.258990089900899,0.6678791787917879,,stand,True,False,1.2,True
114,1764,soft_20,6,0.5663356633566335,0.282780327803278,0.6762417624176241,,stand,True,False,1.2,True
115,1765,soft_20,7,0.3921789217892178,0.257860078600786,0.7732777327773278,,stand,True,False,1.2,True
116,1766,soft_20,8,0.2790577905779058,0.1944919449194491,0.791560415604156,,stand,True,False,1.2,True
117,1767,soft_20,9,0.1415914159141591,0.1146886468864688,0.7588475884758847,,stand,True,False,1.2,True
118,1768,soft_20,10,-0.010230102301023,0.0251152511525115,0.5112801128011281,,stand,True,False,1.2,True
119,1769,soft_20,11,-0.0149551495514955,0.0223852238522385,0.4172991729917299,,stand,True,False,1.2,True
120,1770,soft_19,2,0.2364573645736457,0.1242637426374263,0.3779787797877978,,stand,True,False,1.2,True
121,1771,soft_19,3,0.2917679176791768,0.1456514565145651,0.3981714817148171,,stand,True,False,1.2,True
122,1772,soft_19,4,0.3498484984849848,0.1746617466174661,0.4156766567665677,,stand,True,False,1.2,True
123,1773,soft_19,5,0.4072240722407224,0.1976044760447604,0.4363043630436304,,stand,True,False,1.2,True
124,1774,soft_19,6,0.4597045970459704,0.2314623146231462,0.4533395333953339,,double,True,False,1.2,True
125,1775,soft_19,7,0.3173481734817348,0.2190696906969069,0.6151736517365174,,stand,True,False,1.2,True
126,1776,soft_19,8,0.1884018840188402,0.1491739917399174,0.5949434494344944,,stand,True,False,1.2,True
127,1777,soft_19,9,-0.0665356653566535,0.0080125801258012,0.288810388103881,,stand,True,False,1.2,True
128,1778,soft_19,10,-0.2159221592215922,-0.0819033190331903,0.058340583405834,,stand,True,False,1.2,True
129,1779,soft_19,11,-0.1541165411654116,-0.0446279462794627,0.1308738087380873,,stand,True,False,1.2,True
130,1780,soft_18,2,0.1146611466114661,0.0591455914559145,0.1120111201112011,,double,True,False,1.2,True
131,1781,soft_18,3,0.1752067520675206,0.0862383623836238,0.1379438794387943,,double,True,False,1.2,True
132,1782,soft_18,4,0.2389573895738957,0.1166761667616676,0.1656616566165661,,double,True,False,1.2,True
133,1783,soft_18,5,0.2955929559295593,0.1460914609146091,0.1950494504945049,,double,True,False,1.2,True
134,1784,soft_18,6,0.3534085340853408,0.1798367983679837,0.2231047310473104,,double,True,False,1.2,True
135,1785,soft_18,7,0.2171721717217172,0.1718642186421864,0.4007440074400744,,stand,True,False,1.2,True
136,1786,soft_18,8,-0.0295052950529505,0.037830378303783,0.1076535765357653,,stand,True,False,1.2,True
137,1787,soft_18,9,-0.2872428724287242,-0.1022785227852278,-0.1808243082430824,,hit,True,False,1.2,True
138,1788,soft_18,10,-0.3230132301323013,-0.1323413234132341,-0.1646016460164601,,hit,True,False,1.2,True
139,1789,soft_18,11,-0.2869278692786928,-0.1107786077860778,-0.1553490534905349,,hit,True,False,1.2,True
140,1790,soft_17,2,-0.0092850928509285,-0.0030125301253012,-0.1571340713407134,,hit,True,False,1.2,True
141,1791,soft_17,3,0.0564855648556485,0.0311178111781117,-0.1213712137121371,,double,True,False,1.2,True
142,1792,soft_17,4,0.1125411254112541,0.0643381433814338,-0.0839333393333933,,double,True,False,1.2,True
143,1793,soft_17,5,0.1796817968179681,0.0929459294592946,-0.0465629656296563,,double,True,False,1.2,True
144,1794,soft_17,6,0.2462874628746287,0.1326563265632656,-0.007110071100711,,double,True,False,1.2,True
145,1795,soft_17,7,-0.014640146401464,0.0537255372553725,-0.1082710827108271,,hit,True,False,1.2,True
146,1796,soft_17,8,-0.2595725957259572,-0.0713532135321353,-0.3817438174381743,,hit,True,False,1.2,True
147,1797,soft_17,9,-0.3945789457894579,-0.1500240002400024,-0.4237917379173792,,hit,True,False,1.2,True
148,1798,soft_17,10,-0.4217392173921739,-0.1830943309433094,-0.3878163781637816,,hit,True,False,1.2,True
149,1799,soft_17,11,-0.3794887948879489,-0.1524890248902489,-0.3542960429604296,,hit,True,False,1.2,True
150,1800,soft_16,2,-0.07250072500725,-0.0192726927269272,-0.2866978669786698,,hit,True,False,1.2,True
151,1801,soft_16,3,-0.0105751057510575,0.0119426194261942,-0.2448924489244892,,hit,True,False,1.2,True
152,1802,soft_16,4,0.0583655836558365,0.0487454874548745,-0.2055570555705557,,double,True,False,1.2,True
153,1803,soft_16,5,0.1285812858128581,0.086850868508685,-0.1632366323663236,,double,True,False,1.2,True
154,1804,soft_16,6,0.1913319133191331,0.1261812618126181,-0.1177011770117701,,double,True,False,1.2,True
155,1805,soft_16,7,-0.1815468154681546,-0.0046875468754687,-0.4732747327473274,,hit,True,False,1.2,True
156,1806,soft_16,8,-0.3173231732317323,-0.0650856508565085,-0.508580085800858,,hit,True,False,1.2,True
157,1807,soft_16,9,-0.4554895548955489,-0.1475914759147591,-0.53890038900389,,hit,True,False,1.2,True
158,1808,soft_16,10,-0.474549745497455,-0.1919069190691907,-0.501410014100141,,hit,True,False,1.2,True
159,1809,soft_16,11,-0.4056190561905619,-0.1413639136391364,-0.4146191461914619,,hit,True,False,1.2,True
160,1810,soft_15,2,-0.066430664306643,0.000140001400014,-0.2885528855288553,,hit,True,False,1.2,True
161,1811,soft_15,3,-0.0063450634506345,0.0346278462784627,-0.2432574325743257,,hit,True,False,1.2,True
162,1812,soft_15,4,0.0704232042320423,0.059040590405904,-0.2047670476704767,,double,True,False,1.2,True
163,1813,soft_15,5,0.1308263082630826,0.1085960859608596,-0.1622166221662216,,double,True,False,1.2,True
164,1814,soft_15,6,0.1953869538695387,0.1521290212902129,-0.1172961729617296,,double,True,False,1.2,True
165,1815,soft_15,7,-0.1837568375683756,0.038940389403894,-0.4746547465474655,,hit,True,False,1.2,True
166,1816,soft_15,8,-0.3104431044310443,-0.027750277502775,-0.5082750827508276,,hit,True,False,1.2,True
167,1817,soft_15,9,-0.454719547195472,-0.1114286142861428,-0.542790427904279,,hit,True,False,1.2,True
168,1818,soft_15,10,-0.4742947429474294,-0.1595740957409574,-0.4989374893748937,,hit,True,False,1.2,True
169,1819,soft_15,11,-0.4049890498904989,-0.1153211532115321,-0.4139366393663937,,hit,True,False,1.2,True
170,1820,soft_14,2,-0.0724757247572475,0.0265377653776537,-0.2883028830288303,,hit,True,False,1.2,True
171,1821,soft_14,3,0.0040000400004,0.0548655486554865,-0.2477124771247712,,hit,True,False,1.2,True
172,1822,soft_14,4,0.0587055870558705,0.09050090500905,-0.2087620876208762,,hit,True,False,1.2,True
173,1823,soft_14,5,0.1348013480134801,0.1285912859128591,-0.1631416314163141,,double,True,False,1.2,True
174,1824,soft_14,6,0.1934619346193462,0.1788342883428834,-0.1233962339623396,,double,True,False,1.2,True
175,1825,soft_14,7,-0.1812618126181261,0.0788732887328873,-0.4738847388473884,,hit,True,False,1.2,True
176,1826,soft_14,8,-0.3160331603316033,0.0134551345513455,-0.510120101201012,,hit,True,False,1.2,True
177,1827,soft_14,9,-0.4564645646456464,-0.0770582705827058,-0.5414454144541445,,hit,True,False,1.2,True
178,1828,soft_14,10,-0.4691996919969199,-0.1290787907879078,-0.4982674826748267,,hit,True,False,1.2,True
179,1829,soft_14,11,-0.4054990549905499,-0.0919984199841998,-0.4151241512415124,,hit,True,False,1.2,True
180,1830,soft_13,2,-0.073350733507335,0.0427054270542705,-0.2849078490784907,,hit,True,False,1.2,True
181,1831,soft_13,3,-0.0016750167501675,0.079350793507935,-0.2477424774247742,,hit,True,False,1.2,True
182,1832,soft_13,4,0.0618156181561815,0.1165361653616536,-0.2056920569205692,,hit,True,False,1.2,True
183,1833,soft_13,5,0.1547140471404714,0.1297662976629766,-0.1637566375663756,,double,True,False,1.2,True
184,1834,soft_13,6,0.2009970099700997,0.1942969429694297,-0.1218562185621856,,double,True,False,1.2,True
185,1835,soft_13,7,-0.1780467804678046,0.1235762357623576,-0.476829768297683,,hit,True,False,1.2,True
186,1836,soft_13,8,-0.3143031430314303,0.0553855538555385,-0.5092050920509205,,hit,True,False,1.2,True
187,1837,soft_13,9,-0.4525845258452584,-0.0386078860788607,-0.5449654496544966,,hit,True,False,1.2,True
188,1838,soft_13,10,-0.4743647436474364,-0.0966634666346663,-0.497739977399774,,hit,True,False,1.2,True
189,1839,soft_13,11,-0.4088240882408824,-0.0670256702567025,-0.4136991369913699,,hit,True,False,1.2,True
190,1840,9,2,0.0616756167561675,0.0891183911839118,-0.2861128611286113,,hit,True,False,1.2,True
191,1841,9,3,0.1225312253122531,0.1188386883868838,-0.2449624496244962,,double,True,False,1.2,True
192,1842,9,4,0.1793017930179301,0.1518040180401804,-0.2072170721707217,,double,True,False,1.2,True
193,1843,9,5,0.2482924829248292,0.1807218072180721,-0.1612666126661266,,double,True,False,1.2,True
194,1844,9,6,0.3056280562805628,0.2138196381963819,-0.1219312193121931,,double,True,False,1.2,True
195,1845,9,7,0.1077760777607776,0.1817418174181742,-0.4734747347473474,,hit,True,False,1.2,True
196,1846,9,8,-0.031360313603136,0.1068410684106841,-0.509940099400994,,hit,True,False,1.2,True
197,1847,9,9,-0.3014630146301463,-0.0451179511795118,-0.5427854278542785,,hit,True,False,1.2,True
198,1848,9,10,-0.4258192581925819,-0.1382313823138231,-0.501850018500185,,hit,True,False,1.2,True
199,1849,9,11,-0.3183531835318353,-0.0845933459334593,-0.4127666276662766,,hit,True,False,1.2,True
200,1850,8,2,-0.2093520935209352,0.00550005500055,-0.2883478834788348,,hit,True,False,1.2,True
201,1851,8,3,-0.1397413974139741,0.0391028910289102,-0.2444424444244442,,hit,True,False,1.2,True
202,1852,8,4,-0.069050690506905,0.074240742407424,-0.2024670246702467,,hit,True,False,1.2,True
203,1853,8,5,0.0081050810508105,0.1126386263862638,-0.1663266632666326,,hit,True,False,1.2,True
204,1854,8,6,0.0756657566575665,0.1531890318903189,-0.1204762047620476,,hit,True,False,1.2,True
205,1855,8,7,-0.1933069330693307,0.1099585995859958,-0.4771247712477124,,hit,True,False,1.2,True
206,1856,8,8,-0.4515245152451524,-0.0378453784537845,-0.5119751197511975,,hit,True,False,1.2,True
207,1857,8,9,-0.7168621686216862,-0.2008620086200862,-0.5424804248042481,,hit,True,False,1.2,True
208,1858,8,10,-0.6839218392183922,-0.2226647266472664,-0.4988324883248832,,hit,True,False,1.2,True
209,1859,8,11,-0.5755807558075581,-0.1804143041430414,-0.4125016250162501,,hit,True,False,1.2,True
210,1860,7,2,-0.4301993019930199,-0.0753332533325333,-0.2861328613286132,,hit,True,False,1.2,True
211,1861,7,3,-0.3573935739357393,-0.03720037200372,-0.2470124701247012,,hit,True,False,1.2,True
212,1862,7,4,-0.2811578115781157,0.0034350343503435,-0.2058820588205882,,hit,True,False,1.2,True
213,1863,7,5,-0.2058770587705877,0.0503630036300363,-0.1666666666666666,,hit,True,False,1.2,True
214,1864,7,6,-0.1184661846618466,0.0989934899348993,-0.1221062210622106,,hit,True,False,1.2,True
215,1865,7,7,-0.5859108591085911,-0.0421829218292182,-0.4742497424974249,,hit,True,False,1.2,True
216,1866,7,8,-0.8431984319843199,-0.1902744027440274,-0.5075050750507505,,hit,True,False,1.2,True
217,1867,7,9,-0.95189951899519,-0.2743827438274382,-0.540680406804068,,hit,True,False,1.2,True
218,1868,7,10,-0.8717737177371774,-0.2909929099290992,-0.4983174831748317,,hit,True,False,1.2,True
219,1869,7,11,-0.7586025860258603,-0.2411274112741127,-0.4154216542165421,,hit,True,False,1.2,True
220,1870,6,2,-0.5522605226052261,-0.1042435424354243,-0.2892778927789278,,hit,True,False,1.2,True
221,1871,6,3,-0.4747947479474795,-0.0594755947559475,-0.2480274802748027,,hit,True,False,1.2,True
222,1872,6,4,-0.3941139411394114,-0.0227927279272792,-0.2075770757707577,,hit,True,False,1.2,True
223,1873,6,5,-0.3105981059810598,0.0258627586275862,-0.1651466514665146,,hit,True,False,1.2,True
224,1874,6,6,-0.2257922579225792,0.0754982549825498,-0.1212512125121251,,hit,True,False,1.2,True
225,1875,6,7,-0.8940989409894099,-0.1245237452374523,-0.4758747587475875,,hit,True,False,1.2,True
226,1876,6,8,-0.9964249642496424,-0.1946469464694647,-0.5108851088510885,,hit,True,False,1.2,True
227,1877,6,9,-1.064720647206472,-0.2803928039280393,-0.541680416804168,,hit,True,False,1.2,True
228,1878,6,10,-0.9829748297482976,-0.3030555305553055,-0.4983574835748357,,hit,True,False,1.2,True
229,1879,6,11,-0.8123681236812368,-0.2337048370483704,-0.4124266242662426,,hit,True,False,1.2,True
230,1880,5,2,-0.5750057500575005,-0.09070090700907,-0.2865478654786548,,hit,True,False,1.2,True
231,1881,5,3,-0.4954149541495415,-0.0483579835798358,-0.2457474574745747,,hit,True,False,1.2,True
232,1882,5,4,-0.4155941559415594,-0.0082075820758207,-0.2052670526705267,,hit,True,False,1.2,True
233,1883,5,5,-0.3320933209332093,0.0398728987289872,-0.1651716517165171,,hit,True,False,1.2,True
234,1884,5,6,-0.2426424264242642,0.0879383793837938,-0.1214412144121441,,hit,True,False,1.2,True
235,1885,5,7,-0.949779497794978,-0.0870533705337053,-0.4782847828478285,,hit,True,False,1.2,True
236,1886,5,8,-1.018450184501845,-0.1703942039420394,-0.5095250952509525,,hit,True,False,1.2,True
237,1887,5,9,-1.0816308163081632,-0.2575275752757527,-0.5440454404544045,,hit,True,False,1.2,True
238,1888,5,10,-0.9955549555495556,-0.2839278392783927,-0.497319973199732,,hit,True,False,1.2,True
239,1889,5,11,-0.8273282732827328,-0.2171396713967139,-0.4140391403914039,,hit,True,False,1.2,True
240,1890,paired_18,2,-1.2465194431108977,-0.6249199871979517,0.1070571291406625,0.1957313170107217,split,True,False,1.2,True
241,1891,paired_18,3,-1.2363978236517843,-0.6215194431108978,0.1406825092014722,0.2554008641382621,split,True,False,1.2,True
242,1892,paired_18,4,-1.2273563770203233,-0.6168186909905585,0.1734277484397503,0.3305528884621539,split,True,False,1.2,True
243,1893,paired_18,5,-1.2359977596415426,-0.6147183549367898,0.1898903824611938,0.3911425828132501,split,True,False,1.2,True
244,1894,paired_18,6,-1.2201552248359735,-0.6193190910545687,0.2257961273803808,0.4536925908145303,split,True,False,1.2,True
245,1895,paired_18,7,-1.1849095855336853,-0.6015362457993279,0.4038846215394463,0.3624179868779004,stand,True,False,1.2,True
246,1896,paired_18,8,-1.1783485357657224,-0.5897143542966875,0.1094975196031365,0.2364778364538326,split,True,False,1.2,True
247,1897,paired_18,9,-1.2260361657865255,-0.6204392702832453,-0.1786285805728916,-0.0732317170747319,split,True,False,1.2,True
248,1898,paired_18,10,-1.1947511601856298,-0.5955152824451913,-0.1678668586973915,-0.2976276204192671,stand,True,False,1.2,True
249,1899,paired_18,11,-0.8816210593694991,-0.4459113458153304,-0.1596255400864138,-0.1762081933109297,stand,True,False,1.2,True
250,1900,paired_16,2,-0.9524723955832932,-0.479016642662826,-0.2790046407425188,0.0607897263562169,split,True,False,1.2,True
251,1901,paired_16,3,-0.9275084013442152,-0.4666546647463594,-0.2483997439590334,0.135261641862698,split,True,False,1.2,True
252,1902,paired_16,4,-0.9139462313970236,-0.4609137461993919,-0.2030324851976316,0.2159145463274124,split,True,False,1.2,True
253,1903,paired_16,5,-0.8968634981597056,-0.4570131220995359,-0.1641062570011202,0.285885741718675,split,True,False,1.2,True
254,1904,paired_16,6,-0.8848215714514323,-0.4430508881421027,-0.1171787485997759,0.3702992478796607,split,True,False,1.2,True
255,1905,paired_16,7,-0.8329732757241158,-0.4131261001760282,-0.4726356216994719,0.333993438950232,split,True,False,1.2,True
256,1906,paired_16,8,-0.9133861417826852,-0.458753400544087,-0.5010401664266283,-0.0242238758201312,split,True,False,1.2,True
257,1907,paired_16,9,-1.0253240518482958,-0.5108417346775485,-0.5460473675788126,-0.3817010721715475,split,True,False,1.2,True
258,1908,paired_16,10,-0.989758361337814,-0.5033605376860297,-0.4987397983677388,-0.4392502800448071,split,True,False,1.2,True
259,1909,paired_16,11,-0.7452792446791486,-0.3783005280844935,-0.4227476396223396,-0.3602376380220835,split,True,False,1.2,True
260,1910,paired_14,2,-0.7333573371739478,-0.3606577052328372,-0.2820451272203552,-0.1325012001920307,split,True,False,1.2,True
261,1911,paired_14,3,-0.6887902064330292,-0.349375900144023,-0.2463594175068011,-0.023203712594015,split,True,False,1.2,True
262,1912,paired_14,4,-0.6770283245319251,-0.3311529844775164,-0.2084333493358937,0.0513882221155384,split,True,False,1.2,True
263,1913,paired_14,5,-0.6281405024803969,-0.320311249799968,-0.1651464234277484,0.1586053768602976,split,True,False,1.2,True
264,1914,paired_14,6,-0.616218594975196,-0.3136701872299568,-0.1198991838694191,0.2399383901424228,split,True,False,1.2,True
265,1915,paired_14,7,-0.6771883501360217,-0.3172507601216194,-0.4759161465834533,-0.0438270123219715,split,True,False,1.2,True
266,1916,paired_14,8,-0.7611617858857417,-0.3733197311569851,-0.5098815810529684,-0.3804208673387742,hit,True,False,1.2,True
267,1917,paired_14,9,-0.8852616418626981,-0.4238078092494799,-0.5436869899183869,-0.5889542326772284,hit,True,False,1.2,True
268,1918,paired_14,10,-0.8634181469035046,-0.4310289646343415,-0.494879180668907,-0.6163586173787806,hit,True,False,1.2,True
269,1919,paired_14,11,-0.6521443430948952,-0.3266122579612738,-0.4149863978236517,-0.5167226756281005,hit,True,False,1.2,True
270,1920,paired_12,2,-0.4987197951672267,-0.2531004960793727,-0.2860457673227716,-0.1988918226916306,split,True,False,1.2,True
271,1921,paired_12,3,-0.4687149943991038,-0.2345975356056969,-0.2410785725716114,-0.1008761401824291,split,True,False,1.2,True
272,1922,paired_12,4,-0.4315490478476556,-0.2095735317650824,-0.2076732277164346,0.0021403424547927,split,True,False,1.2,True
273,1923,paired_12,5,-0.3840614498319731,-0.1837493999039846,-0.1695071211393823,0.098155704912786,split,True,False,1.2,True
274,1924,paired_12,6,-0.3550568090894543,-0.1717674827972475,-0.1266602656425028,0.1899703952632421,split,True,False,1.2,True
275,1925,paired_12,7,-0.495119219075052,-0.2094935189630341,-0.4725956152984477,-0.2443791006561049,hit,True,False,1.2,True
276,1926,paired_12,8,-0.6204192670827332,-0.2721035365658505,-0.5079612738038086,-0.4220075212033925,hit,True,False,1.2,True
277,1927,paired_12,9,-0.7565610497679629,-0.3434349495919347,-0.5423667786845895,-0.6069171067370779,hit,True,False,1.2,True
278,1928,paired_12,10,-0.7385981757081133,-0.3589174267882861,-0.5037005920947352,-0.652584413506161,hit,True,False,1.2,True
279,1929,paired_12,11,-0.5800928148503761,-0.2689230276844295,-0.409185469675148,-0.508301328212514,hit,True,False,1.2,True
280,1930,paired_10,2,0.3589374299887982,0.1881100976156185,-0.2872059529524724,-0.2674627940470475,double,True,False,1.2,True
281,1931,paired_10,3,0.4094655144823171,0.2032925268042887,-0.2476796287405984,-0.2051728276524244,double,True,False,1.2,True
282,1932,paired_10,4,0.4596735477676428,0.2273563770203232,-0.2044727156345015,-0.1103376540246439,double,True,False,1.2,True
283,1933,paired_10,5,0.5221235397663626,0.2560409665546487,-0.1625060009601536,0.0098215714514322,double,True,False,1.2,True
284,1934,paired_10,6,0.569091054568731,0.2849855976956313,-0.1160585693710993,0.1001760281645063,double,True,False,1.2,True
285,1935,paired_10,7,0.3815410465674508,0.2529604736757881,-0.4824771963514162,-0.2832853256521043,double,True,False,1.2,True
286,1936,paired_10,8,0.2933269323091694,0.2006321011361818,-0.5136021763482157,-0.4466114578332533,double,True,False,1.2,True
287,1937,paired_10,9,0.1389822371579452,0.1119779164666346,-0.5436869899183869,-0.6306609057449192,double,True,False,1.2,True
288,1938,paired_10,10,-0.0132821251400224,0.0237638022083533,-0.5039406305008801,-0.6720275244039047,hit,True,False,1.2,True
289,1939,paired_10,11,-0.0241238598175708,0.0327452392382781,-0.4114058249319891,-0.5217434789566331,hit,True,False,1.2,True
290,1940,paired_8,2,-0.2159545527284365,0.0081212994079052,-0.2815250440070411,-0.1743879020643303,hit,True,False,1.2,True
291,1941,paired_8,3,-0.149903984637542,0.0404864778364538,-0.2489198271723475,-0.0900344055048807,hit,True,False,1.2,True
292,1942,paired_8,4,-0.0553688590174427,0.0778124499919987,-0.2065930548887822,-0.0075412065930548,hit,True,False,1.2,True
293,1943,paired_8,5,0.0073211713874219,0.1089774363898223,-0.160905744919187,0.0968955032805248,hit,True,False,1.2,True
294,1944,paired_8,6,0.0646103376540246,0.1896503440550488,-0.1190190430468875,0.1566650664106257,hit,True,False,1.2,True
295,1945,paired_8,7,-0.182389182269163,0.1056369019043046,-0.478036485837734,-0.1360817730836934,hit,True,False,1.2,True
296,1946,paired_8,8,-0.4431509041446631,-0.0477676428228516,-0.5098015682509202,-0.3120699311889902,hit,True,False,1.2,True
297,1947,paired_8,9,-0.7181949111857897,-0.2011521843494959,-0.5442870859337494,-0.5043807009121459,hit,True,False,1.2,True
298,1948,paired_8,10,-0.6755880940950552,-0.2225356056969115,-0.4970195231236998,-0.5763722195551289,hit,True,False,1.2,True
299,1949,paired_8,11,-0.577412385981757,-0.1834093454952792,-0.4133861417826852,-0.4477116338614178,hit,True,False,1.2,True
300,1950,paired_6,2,-0.5652904464714354,-0.1039566330612898,-0.282245159225476,-0.1064570331253,hit,True,False,1.2,True
301,1951,paired_6,3,-0.4684349495919347,-0.0459873579772763,-0.2459593534965594,-0.0595695311249799,hit,True,False,1.2,True
302,1952,paired_6,4,-0.4020643302928469,-0.0197431589054248,-0.2064330292846855,0.050548087694031,split,True,False,1.2,True
303,1953,paired_6,5,-0.3122899663946231,0.0361657865258441,-0.166746679468715,0.1482637221955512,split,True,False,1.2,True
304,1954,paired_6,6,-0.2200752120339254,0.0700912145943351,-0.1196191390622499,0.2595615298447751,split,True,False,1.2,True
305,1955,paired_6,7,-0.8846615458473356,-0.1230996959513522,-0.468995039206273,-0.0381261001760281,split,True,False,1.2,True
306,1956,paired_6,8,-0.9908785405664906,-0.1950912145943351,-0.5086413826212194,-0.2044527124339894,hit,True,False,1.2,True
307,1957,paired_6,9,-1.0718514962393983,-0.2839054248679789,-0.5484077452392383,-0.4331493038886221,hit,True,False,1.2,True
308,1958,paired_6,10,-0.9772363578172508,-0.3095295247239558,-0.4937590014402304,-0.5065610497679629,hit,True,False,1.2,True
309,1959,paired_6,11,-0.8192910865738519,-0.233657385181629,-0.414066250600096,-0.4019843174907985,hit,True,False,1.2,True
310,1960,paired_4,2,-0.5640102416386622,-0.0735717714834373,-0.2830852936469835,-0.0554088654184669,split,True,False,1.2,True
311,1961,paired_4,3,-0.4940790526484237,-0.0417866858697391,-0.2489998399743959,0.0105616898703792,split,True,False,1.2,True
312,1962,paired_4,4,-0.4048647783645383,0.0211633861417826,-0.2010321651464234,0.0912145943350936,split,True,False,1.2,True
313,1963,paired_4,5,-0.3207713234117458,0.0624299887982077,-0.1646263402144343,0.1948511761881901,split,True,False,1.2,True
314,1964,paired_4,6,-0.2366778684589534,0.0950552088334133,-0.1178988638182109,0.3087093935029604,split,True,False,1.2,True
315,1965,paired_4,7,-0.957513202112338,-0.0514882381180989,-0.4697551608257321,0.0230836933909425,split,True,False,1.2,True
316,1966,paired_4,8,-1.0112818050888142,-0.1432629220675308,-0.504880780924948,-0.173107697231557,hit,True,False,1.2,True
317,1967,paired_4,9,-1.0997759641542646,-0.2309969595135221,-0.5416866698671787,-0.3699191870699312,hit,True,False,1.2,True
318,1968,paired_4,10,-1.0048407745239238,-0.2644423107697231,-0.4944591134581533,-0.4674147863658185,hit,True,False,1.2,True
319,1969,paired_4,11,-0.8348535765722516,-0.1994519123059689,-0.4110457673227716,-0.3658585373659785,hit,True,False,1.2,True
320,1970,paired_aces,2,-0.0623699791966714,0.0784325492078732,-0.2872059529524724,1.3041086573851817,split,True,False,1.2,True
321,1971,paired_aces,3,-0.013922227556409,0.1200992158745399,-0.2387582013122099,1.3583073291726675,split,True,False,1.2,True
322,1972,paired_aces,4,0.0610897743638982,0.1422027524403904,-0.2013122099535925,1.42332773243719,split,True,False,1.2,True
323,1973,paired_aces,5,0.1253800608097295,0.1899103856617058,-0.1553848615778524,1.4850676108177308,split,True,False,1.2,True
324,1974,paired_aces,6,0.185789726356217,0.2299167866858697,-0.1244599135861737,1.5540086413826213,split,True,False,1.2,True
325,1975,paired_aces,7,-0.1667066730676908,0.1696071371419427,-0.473155704912786,1.468104896783485,split,True,False,1.2,True
326,1976,paired_aces,8,-0.3216914706353016,0.0924747959673547,-0.5059209473515762,1.3424147863658185,split,True,False,1.2,True
327,1977,paired_aces,9,-0.4460713714194271,-0.000980156825092,-0.5516482637221956,1.1627360377660425,split,True,False,1.2,True
328,1978,paired_aces,10,-0.4811569851176188,-0.0577892462794047,-0.4908185309649543,0.944821171387422,split,True,False,1.2,True
329,1979,paired_aces,11,-0.4064650344055048,-0.0473475756120979,-0.4170267242758841,0.7318170907345175,split,True,False,1.2,True
0,1320,20,2,-1.7089170891708918,-0.8544585445854459,0.6330188301883019,,stand,False,True,1.5,True
1,1321,20,3,-1.7062020620206202,-0.8531010310103101,0.6456914569145692,,stand,False,True,1.5,True
2,1322,20,4,-1.7078770787707878,-0.8539385393853939,0.6542265422654227,,stand,False,True,1.5,True
3,1323,20,5,-1.7056120561205612,-0.8528060280602806,0.6699016990169901,,stand,False,True,1.5,True
4,1324,20,6,-1.7039220392203922,-0.8519610196101961,0.6788142881428815,,stand,False,True,1.5,True
5,1325,20,7,-1.701662016620166,-0.8508310083100831,0.7718477184771848,,stand,False,True,1.5,True
6,1326,20,8,-1.7015970159701597,-0.8507985079850798,0.7904704047040471,,stand,False,True,1.5,True
7,1327,20,9,-1.6954169541695416,-0.8477084770847708,0.756150061500615,,stand,False,True,1.5,True
8,1328,20,10,-1.715547155471555,-0.8577735777357773,0.4373243732437324,,stand,False,True,1.5,True
9,1329,20,11,-1.8026180261802616,-0.9013090130901308,0.1144961449614496,,stand,False,True,1.5,True
10,1330,19,2,-1.459239592395924,-0.728809788097881,0.3778012780127801,,stand,False,True,1.5,True
11,1331,19,3,-1.458759587595876,-0.7294922949229492,0.3964814648146481,,stand,False,True,1.5,True
12,1332,19,4,-1.4537945379453794,-0.7275397753977539,0.4187241872418724,,stand,False,True,1.5,True
13,1333,19,5,-1.4503745037450375,-0.7260747607476075,0.4325293252932529,,stand,False,True,1.5,True
14,1334,19,6,-1.4538845388453885,-0.7252422524225243,0.4545245452454524,,stand,False,True,1.5,True
15,1335,19,7,-1.4327843278432784,-0.7153646536465365,0.6157036570365704,,stand,False,True,1.5,True
16,1336,19,8,-1.4290942909429094,-0.7145521455214552,0.5940434404344044,,stand,False,True,1.5,True
17,1337,19,9,-1.4343693436934368,-0.7148321483214832,0.2889378893788938,,stand,False,True,1.5,True
18,1338,19,10,-1.3469934699346993,-0.6723442234422344,0.0587130871308713,,stand,False,True,1.5,True
19,1339,19,11,-1.010980109801098,-0.506080060800608,0.1300138001380013,,stand,False,True,1.5,True
20,1340,18,2,-1.2475624756247563,-0.6230387303873038,0.1115761157611576,,stand,False,True,1.5,True
21,1341,18,3,-1.2400924009240093,-0.6210437104371044,0.1362513625136251,,stand,False,True,1.5,True
22,1342,18,4,-1.236352363523635,-0.6176261762617626,0.1677441774417744,,stand,False,True,1.5,True
23,1343,18,5,-1.2309123091230911,-0.6145986459864599,0.1946919469194692,,stand,False,True,1.5,True
24,1344,18,6,-1.2294772947729478,-0.6131461314613146,0.2222447224472244,,stand,False,True,1.5,True
25,1345,18,7,-1.1821868218682188,-0.5911259112591126,0.3974414744147441,,stand,False,True,1.5,True
26,1346,18,8,-1.1791217912179122,-0.5929184291842918,0.1062660626606266,,stand,False,True,1.5,True
27,1347,18,9,-1.2305873058730588,-0.6135361353613537,-0.1839168391683917,,stand,False,True,1.5,True
28,1348,18,10,-1.1991319913199132,-0.5983959839598396,-0.1626841268412684,,stand,False,True,1.5,True
29,1349,18,11,-0.8842488424884248,-0.4431719317193172,-0.1552315523155231,,stand,False,True,1.5,True
30,1350,17,2,-1.0756157561575617,-0.5394028940289403,-0.1582040820408204,,stand,False,True,1.5,True
31,1351,17,3,-1.0620356203562036,-0.5334228342283422,-0.1214412144121441,,stand,False,True,1.5,True
32,1352,17,4,-1.054340543405434,-0.5279877798777988,-0.0811483114831148,,stand,False,True,1.5,True
33,1353,17,5,-1.0486554865548656,-0.522610226102261,-0.04620046200462,,stand,False,True,1.5,True
34,1354,17,6,-1.035280352803528,-0.5183526835268353,-0.005650056500565,,stand,False,True,1.5,True
35,1355,17,7,-0.9641496414964148,-0.484359843598436,-0.1060385603856038,,stand,False,True,1.5,True
36,1356,17,8,-1.0141451414514144,-0.5055575555755557,-0.3803413034130341,,stand,False,True,1.5,True
37,1357,17,9,-1.1063560635606355,-0.5536605366053661,-0.4212217122171222,,stand,False,True,1.5,True
38,1358,17,10,-1.079960799607996,-0.5383428834288343,-0.3880013800138001,,stand,False,True,1.5,True
39,1359,17,11,-0.8039530395303953,-0.4014665146651466,-0.3558310583105831,,stand,False,True,1.5,True
40,1360,16,2,-0.9438244382443824,-0.4738222382223822,-0.2847478474784747,,stand,False,True,1.5,True
41,1361,16,3,-0.9360943609436094,-0.4656571565715657,-0.2462824628246282,,stand,False,True,1.5,True
42,1362,16,4,-0.913609136091361,-0.4596870968709687,-0.2044720447204472,,stand,False,True,1.5,True
43,1363,16,5,-0.9047940479404794,-0.4506170061700617,-0.1655566555665556,,stand,False,True,1.5,True
44,1364,16,6,-0.8932739327393274,-0.4441594415944159,-0.1232912329123291,,stand,False,True,1.5,True
45,1365,16,7,-0.8239532395323953,-0.4138841388413884,-0.4753297532975329,,hit,False,True,1.5,True
46,1366,16,8,-0.9160841608416084,-0.4597270972709727,-0.5104651046510466,,hit,False,True,1.5,True
47,1367,16,9,-1.0118051180511805,-0.5077150771507715,-0.5430554305543055,,hit,False,True,1.5,True
48,1368,16,10,-0.9959449594495944,-0.497239972399724,-0.4996724967249673,,hit,False,True,1.5,True
49,1369,16,11,-0.7513825138251382,-0.3749062490624906,-0.4119641196411964,,hit,False,True,1.5,True
50,1370,15,2,-0.8397883978839789,-0.4188566885668857,-0.2850528505285052,,stand,False,True,1.5,True
51,1371,15,3,-0.8169081690816908,-0.4073740737407374,-0.2451774517745177,,stand,False,True,1.5,True
52,1372,15,4,-0.7917429174291742,-0.3967089670896709,-0.2037370373703737,,stand,False,True,1.5,True
53,1373,15,5,-0.7704377043770437,-0.3863338633386334,-0.1661666616666166,,stand,False,True,1.5,True
54,1374,15,6,-0.7548875488754887,-0.3760987609876098,-0.1217062170621706,,stand,False,True,1.5,True
55,1375,15,7,-0.7502225022250223,-0.3682086820868209,-0.47559975599756,,hit,False,True,1.5,True
56,1376,15,8,-0.8390633906339063,-0.4143616436164362,-0.5086150861508615,,hit,False,True,1.5,True
57,1377,15,9,-0.9499344993449934,-0.4695921959219592,-0.5401704017040171,,hit,False,True,1.5,True
58,1378,15,10,-0.9301843018430184,-0.4652721527215272,-0.500580005800058,,hit,False,True,1.5,True
59,1379,15,11,-0.7117121171211712,-0.3514910149101491,-0.4121141211412114,,hit,False,True,1.5,True
60,1380,14,2,-0.7280622806228062,-0.3613761137611376,-0.2881078810788108,,stand,False,True,1.5,True
61,1381,14,3,-0.6973619736197362,-0.3491034910349103,-0.2458474584745847,,stand,False,True,1.5,True
62,1382,14,4,-0.6707767077670777,-0.3330633306333063,-0.2063170631706317,,stand,False,True,1.5,True
63,1383,14,5,-0.6424914249142492,-0.3223182231822318,-0.1623766237662376,,stand,False,True,1.5,True
64,1384,14,6,-0.6098710987109871,-0.3081055810558105,-0.1224462244622446,,stand,False,True,1.5,True
65,1385,14,7,-0.6658216582165821,-0.3201857018570185,-0.4764997649976499,,hit,False,True,1.5,True
66,1386,14,8,-0.7622076220762207,-0.3694211942119421,-0.508460084600846,,hit,False,True,1.5,True
67,1387,14,9,-0.8814588145881459,-0.4299017990179902,-0.539960399603996,,hit,False,True,1.5,True
68,1388,14,10,-0.8670586705867058,-0.4295017950179501,-0.4982924829248292,,hit,False,True,1.5,True
69,1389,14,11,-0.6670616706167062,-0.3252882528825288,-0.4141641416414164,,hit,False,True,1.5,True
70,1390,13,2,-0.6185061850618506,-0.306230562305623,-0.2901529015290153,,stand,False,True,1.5,True
71,1391,13,3,-0.5823358233582335,-0.2899253992539925,-0.2460424604246042,,stand,False,True,1.5,True
72,1392,13,4,-0.5511055110551105,-0.2728552285522855,-0.2052470524705247,,stand,False,True,1.5,True
73,1393,13,5,-0.5112351123511235,-0.2560575605756057,-0.1654516545165451,,stand,False,True,1.5,True
74,1394,13,6,-0.473979739797398,-0.2396648966489664,-0.1228712287122871,,stand,False,True,1.5,True
75,1395,13,7,-0.5857908579085791,-0.2700177001770018,-0.4724147241472414,,hit,False,True,1.5,True
76,1396,13,8,-0.6883018830188302,-0.3221657216572166,-0.5089850898508985,,hit,False,True,1.5,True
77,1397,13,9,-0.8074780747807478,-0.3869513695136951,-0.542910429104291,,hit,False,True,1.5,True
78,1398,13,10,-0.8011280112801128,-0.3940414404144041,-0.4979249792497925,,hit,False,True,1.5,True
79,1399,13,11,-0.6225362253622536,-0.2974654746547465,-0.4137516375163751,,hit,False,True,1.5,True
80,1400,12,2,-0.5083900839008391,-0.2532650326503265,-0.2908629086290863,,hit,False,True,1.5,True
81,1401,12,3,-0.4663346633466335,-0.2334373343733437,-0.2462674626746267,,hit,False,True,1.5,True
82,1402,12,4,-0.4295992959929599,-0.2121496214962149,-0.2044820448204482,,stand,False,True,1.5,True
83,1403,12,5,-0.3852338523385233,-0.1925969259692597,-0.1646466464664646,,stand,False,True,1.5,True
84,1404,12,6,-0.3424284242842428,-0.1733642336423364,-0.1226962269622696,,stand,False,True,1.5,True
85,1405,12,7,-0.5092250922509225,-0.2109671096710967,-0.4751747517475175,,hit,False,True,1.5,True
86,1406,12,8,-0.6160911609116091,-0.2714352143521435,-0.5093350933509335,,hit,False,True,1.5,True
87,1407,12,9,-0.7284072840728407,-0.3403734037340373,-0.5396853968539685,,hit,False,True,1.5,True
88,1408,12,10,-0.7378523785237853,-0.3523585235852358,-0.497119971199712,,hit,False,True,1.5,True
89,1409,12,11,-0.5801158011580115,-0.2671226712267123,-0.4153791537915379,,hit,False,True,1.5,True
90,1410,11,2,0.4737247372473724,0.2387048870488705,-0.2865578655786558,,double,False,True,1.5,True
91,1411,11,3,0.524030240302403,0.261190111901119,-0.2446874468744687,,double,False,True,1.5,True
92,1412,11,4,0.5698756987569876,0.2830778307783078,-0.2031970319703197,,double,False,True,1.5,True
93,1413,11,5,0.6187411874118741,0.3077830778307783,-0.1658066580665806,,double,False,True,1.5,True
94,1414,11,6,0.6634916349163492,0.3320933209332093,-0.1211462114621146,,double,False,True,1.5,True
95,1415,11,7,0.4650346503465035,0.2922979229792298,-0.4742047420474204,,double,False,True,1.5,True
96,1416,11,8,0.3507735077350774,0.2292872928729287,-0.5116051160511605,,double,False,True,1.5,True
97,1417,11,9,0.2306773067730677,0.1608216082160821,-0.5431554315543156,,double,False,True,1.5,True
98,1418,11,10,0.1681266812668126,0.1086635866358663,-0.4963274632746327,,double,False,True,1.5,True
99,1419,11,11,0.0747857478574785,0.072090720907209,-0.4131166311663116,,double,False,True,1.5,True
100,1420,10,2,0.3583385833858338,0.1815443154431544,-0.2869778697786977,,double,False,True,1.5,True
101,1421,10,3,0.4022290222902229,0.2026245262452624,-0.2475874758747587,,double,False,True,1.5,True
102,1422,10,4,0.4617296172961729,0.231269812698127,-0.2043220432204322,,double,False,True,1.5,True
103,1423,10,5,0.5176951769517695,0.2564475644756447,-0.1636466364663646,,double,False,True,1.5,True
104,1424,10,6,0.5665356653566536,0.282140321403214,-0.1223512235122351,,double,False,True,1.5,True
105,1425,10,7,0.3935689356893569,0.2573150731507315,-0.4780597805978059,,double,False,True,1.5,True
106,1426,10,8,0.2903129031290313,0.1975794757947579,-0.509990099900999,,double,False,True,1.5,True
107,1427,10,9,0.1409714097140971,0.1145961459614596,-0.5418104181041811,,double,False,True,1.5,True
108,1428,10,10,-0.005770057700577,0.024150241502415,-0.4971424714247142,,hit,False,True,1.5,True
109,1429,10,11,-0.0270052700527005,0.0236352363523635,-0.4112441124411244,,hit,False,True,1.5,True
110,1430,soft_20,2,0.3598585985859858,0.1836893368933689,0.6339163391633916,,stand,False,True,1.5,True
111,1431,soft_20,3,0.4063440634406344,0.2067545675456754,0.6427114271142711,,stand,False,True,1.5,True
112,1432,soft_20,4,0.461079610796108,0.2289372893728937,0.6558515585155852,,stand,False,True,1.5,True
113,1433,soft_20,5,0.507390073900739,0.25540005400054,0.6668991689916899,,stand,False,True,1.5,True
114,1434,soft_20,6,0.5642556425564256,0.2837253372533725,0.6783242832428324,,stand,False,True,1.5,True
115,1435,soft_20,7,0.3937589375893759,0.2585850858508585,0.77210022100221,,stand,False,True,1.5,True
116,1436,soft_20,8,0.2823978239782397,0.1963269632696327,0.7926729267292673,,stand,False,True,1.5,True
117,1437,soft_20,9,0.1451614516145161,0.1131486314863148,0.7592425924259243,,stand,False,True,1.5,True
118,1438,soft_20,10,-0.007160071600716,0.0239252392523925,0.5089425894258942,,stand,False,True,1.5,True
119,1439,soft_20,11,-0.0198151981519815,0.0227377273772737,0.4179716797167971,,stand,False,True,1.5,True
120,1440,soft_19,2,0.2494974949749497,0.1219087190871908,0.3757862578625786,,stand,False,True,1.5,True
121,1441,soft_19,3,0.2944579445794458,0.1474739747397474,0.3937814378143781,,stand,False,True,1.5,True
122,1442,soft_19,4,0.3527835278352783,0.1764642646426464,0.4171116711167111,,stand,False,True,1.5,True
123,1443,soft_19,5,0.4025490254902549,0.2010545105451054,0.4380643806438064,,stand,False,True,1.5,True
124,1444,soft_19,6,0.455929559295593,0.2324248242482424,0.4517420174201742,,double,False,True,1.5,True
125,1445,soft_19,7,0.3154731547315473,0.2220922209222092,0.6160236602366024,,stand,False,True,1.5,True
126,1446,soft_19,8,0.1972769727697277,0.1525290252902529,0.5944984449844498,,stand,False,True,1.5,True
127,1447,soft_19,9,-0.064890648906489,0.0101026010260102,0.2893353933539335,,stand,False,True,1.5,True
128,1448,soft_19,10,-0.2090670906709067,-0.0812483124831248,0.0587055870558705,,stand,False,True,1.5,True
129,1449,soft_19,11,-0.1567815678156781,-0.0437779377793777,0.1292437924379244,,stand,False,True,1.5,True
130,1450,soft_18,2,0.1091160911609116,0.0617281172811728,0.1091635916359163,,stand,False,True,1.5,True
131,1451,soft_18,3,0.1754467544675446,0.089090890908909,0.1365213652136521,,double,False,True,1.5,True
132,1452,soft_18,4,0.2286922869228692,0.1159236592365923,0.1658791587915879,,double,False,True,1.5,True
133,1453,soft_18,5,0.2970329703297032,0.1458064580645806,0.1951119511195111,,double,False,True,1.5,True
134,1454,soft_18,6,0.3542085420854208,0.1763867638676386,0.2251947519475194,,double,False,True,1.5,True
135,1455,soft_18,7,0.2195071950719507,0.1677391773917739,0.4002715027150271,,stand,False,True,1.5,True
136,1456,soft_18,8,-0.0341253412534125,0.037780377803778,0.1078885788857888,,stand,False,True,1.5,True
137,1457,soft_18,9,-0.2821228212282123,-0.0995684956849568,-0.1836643366433664,,hit,False,True,1.5,True
138,1458,soft_18,10,-0.3180631806318063,-0.1312813128131281,-0.1650191501915019,,hit,False,True,1.5,True
139,1459,soft_18,11,-0.2845978459784598,-0.1100336003360033,-0.1558940589405894,,hit,False,True,1.5,True
140,1460,soft_17,2,-0.008970089700897,-0.001830018300183,-0.1554215542155421,,hit,False,True,1.5,True
141,1461,soft_17,3,0.054930549305493,0.0292677926779267,-0.1215662156621566,,double,False,True,1.5,True
142,1462,soft_17,4,0.1113311133111331,0.0631556315563155,-0.0829458294582945,,double,False,True,1.5,True
143,1463,soft_17,5,0.1821768217682176,0.0993359933599336,-0.0474079740797407,,double,False,True,1.5,True
144,1464,soft_17,6,0.2495974959749597,0.1322738227382273,-0.0045275452754527,,double,False,True,1.5,True
145,1465,soft_17,7,-0.013340133401334,0.0539080390803908,-0.1043535435354353,,hit,False,True,1.5,True
146,1466,soft_17,8,-0.2547375473754737,-0.0749632496324963,-0.3827113271132711,,hit,False,True,1.5,True
147,1467,soft_17,9,-0.3993389933899339,-0.1519440194401944,-0.4212817128171282,,hit,False,True,1.5,True
148,1468,soft_17,10,-0.4182241822418224,-0.1821343213432134,-0.3857513575135751,,hit,False,True,1.5,True
149,1469,soft_17,11,-0.3842388423884239,-0.1531215312153121,-0.3556485564855648,,hit,False,True,1.5,True
150,1470,soft_16,2,-0.0659656596565965,-0.0202752027520275,-0.2853578535785357,,hit,False,True,1.5,True
151,1471,soft_16,3,-0.00520005200052,0.0169226692266922,-0.2458074580745807,,hit,False,True,1.5,True
152,1472,soft_16,4,0.058860588605886,0.0494429944299443,-0.2052120521205212,,double,False,True,1.5,True
153,1473,soft_16,5,0.1203262032620326,0.084060840608406,-0.1644866448664486,,double,False,True,1.5,True
154,1474,soft_16,6,0.1945319453194532,0.1278262782627826,-0.1217012170121701,,double,False,True,1.5,True
155,1475,soft_16,7,-0.1753017530175301,-0.0024775247752477,-0.4725747257472574,,hit,False,True,1.5,True
156,1476,soft_16,8,-0.3130981309813098,-0.0652031520315203,-0.5098250982509825,,hit,False,True,1.5,True
157,1477,soft_16,9,-0.4565795657956579,-0.1508615086150861,-0.5434254342543425,,hit,False,True,1.5,True
158,1478,soft_16,10,-0.4739897398973989,-0.1894793947939479,-0.5001625016250163,,hit,False,True,1.5,True
159,1479,soft_16,11,-0.4061140611406114,-0.1398038980389803,-0.4149341493414934,,hit,False,True,1.5,True
160,1480,soft_15,2,-0.0745357453574535,-0.0008725087250872,-0.2884178841788418,,hit,False,True,1.5,True
161,1481,soft_15,3,-0.0053650536505365,0.036590365903659,-0.2462474624746247,,hit,False,True,1.5,True
162,1482,soft_15,4,0.0570005700057,0.0700932009320093,-0.2055970559705597,,hit,False,True,1.5,True
163,1483,soft_15,5,0.1267562675626756,0.1097210972109721,-0.1630766307663076,,double,False,True,1.5,True
164,1484,soft_15,6,0.1941169411694117,0.1536715367153671,-0.1199961999619996,,double,False,True,1.5,True
165,1485,soft_15,7,-0.1825368253682537,0.0375928759287592,-0.475659756597566,,hit,False,True,1.5,True
166,1486,soft_15,8,-0.3153631536315363,-0.026730267302673,-0.508620086200862,,hit,False,True,1.5,True
167,1487,soft_15,9,-0.4565545655456554,-0.1142586425864258,-0.5422154221542216,,hit,False,True,1.5,True
168,1488,soft_15,10,-0.4741447414474145,-0.1621816218162181,-0.498439984399844,,hit,False,True,1.5,True
169,1489,soft_15,11,-0.4074740747407474,-0.1169986699866998,-0.4137491374913749,,hit,False,True,1.5,True
170,1490,soft_14,2,-0.0706157061570615,0.0204652046520465,-0.2890928909289093,,hit,False,True,1.5,True
171,1491,soft_14,3,-0.006280062800628,0.0554680546805468,-0.2448274482744827,,hit,False,True,1.5,True
172,1492,soft_14,4,0.055780557805578,0.0914109141091411,-0.2090420904209042,,hit,False,True,1.5,True
173,1493,soft_14,5,0.1291462914629146,0.1329263292632926,-0.1628266282662826,,hit,False,True,1.5,True
174,1494,soft_14,6,0.1985669856698567,0.1732417324173241,-0.1217012170121701,,double,False,True,1.5,True
175,1495,soft_14,7,-0.1855068550685507,0.079110791107911,-0.4742947429474294,,hit,False,True,1.5,True
176,1496,soft_14,8,-0.3107731077310773,0.011350113501135,-0.5104051040510406,,hit,False,True,1.5,True
177,1497,soft_14,9,-0.455009550095501,-0.0743482434824348,-0.5408054080540805,,hit,False,True,1.5,True
178,1498,soft_14,10,-0.4698446984469844,-0.1296937969379693,-0.4974949749497495,,hit,False,True,1.5,True
179,1499,soft_14,11,-0.4083890838908389,-0.0940959409594096,-0.4122541225412254,,hit,False,True,1.5,True
180,1500,soft_13,2,-0.0710457104571045,0.044880448804488,-0.2867578675786758,,hit,False,True,1.5,True
181,1501,soft_13,3,-0.0097950979509795,0.0775682756827568,-0.2435124351243512,,hit,False,True,1.5,True
182,1502,soft_13,4,0.0612456124561245,0.1162286622866228,-0.2064970649706497,,hit,False,True,1.5,True
183,1503,soft_13,5,0.1296712967129671,0.1586990869908699,-0.1654366543665436,,hit,False,True,1.5,True
184,1504,soft_13,6,0.1978069780697807,0.2028570285702857,-0.1222662226622266,,hit,False,True,1.5,True
185,1505,soft_13,7,-0.1767467674676746,0.1235737357373573,-0.4722947229472294,,hit,False,True,1.5,True
186,1506,soft_13,8,-0.3159781597815978,0.0556130561305613,-0.5101551015510155,,hit,False,True,1.5,True
187,1507,soft_13,9,-0.4556845568455684,-0.0360128601286012,-0.5422654226542265,,hit,False,True,1.5,True
188,1508,soft_13,10,-0.4724297242972429,-0.096760967609676,-0.4989974899748997,,hit,False,True,1.5,True
189,1509,soft_13,11,-0.4068240682406824,-0.0705282052820528,-0.4127491274912749,,hit,False,True,1.5,True
190,1510,9,2,0.062360623606236,0.0889958899588996,-0.2863428634286343,,hit,False,True,1.5,True
191,1511,9,3,0.1153711537115371,0.1185586855868558,-0.2485274852748527,,hit,False,True,1.5,True
192,1512,9,4,0.1816568165681656,0.1481189811898119,-0.2085470854708547,,double,False,True,1.5,True
193,1513,9,5,0.2430224302243022,0.1833543335433354,-0.1638966389663896,,double,False,True,1.5,True
194,1514,9,6,0.2991679916799168,0.2130271302713027,-0.1219362193621936,,double,False,True,1.5,True
195,1515,9,7,0.1067110671106711,0.1839243392433924,-0.477509775097751,,hit,False,True,1.5,True
196,1516,9,8,-0.0293552935529355,0.1069785697856978,-0.50910009100091,,hit,False,True,1.5,True
197,1517,9,9,-0.3004830048300483,-0.0458329583295833,-0.5443354433544335,,hit,False,True,1.5,True
198,1518,9,10,-0.4289542895428954,-0.1354013540135401,-0.497619976199762,,hit,False,True,1.5,True
199,1519,9,11,-0.3144031440314403,-0.0856333563335633,-0.4134566345663457,,hit,False,True,1.5,True
200,1520,8,2,-0.2036970369703697,0.0121376213762137,-0.2863478634786348,,hit,False,True,1.5,True
201,1521,8,3,-0.1388213882138821,0.0412979129791297,-0.2491174911749117,,hit,False,True,1.5,True
202,1522,8,4,-0.069270692706927,0.0796182961829618,-0.2035370353703537,,hit,False,True,1.5,True
203,1523,8,5,0.0059550595505955,0.1157661576615766,-0.1666066660666606,,hit,False,True,1.5,True
204,1524,8,6,0.0751957519575195,0.1523290232902329,-0.1225562255622556,,hit,False,True,1.5,True
205,1525,8,7,-0.1892318923189231,0.1072710727107271,-0.4719447194471944,,hit,False,True,1.5,True
206,1526,8,8,-0.4549595495954959,-0.0416654166541665,-0.510330103301033,,hit,False,True,1.5,True
207,1527,8,9,-0.7142921429214292,-0.1985394853948539,-0.5445754457544576,,hit,False,True,1.5,True
208,1528,8,10,-0.6882668826688267,-0.2283322833228332,-0.4981749817498175,,hit,False,True,1.5,True
209,1529,8,11,-0.5749357493574936,-0.1828293282932829,-0.4132866328663286,,hit,False,True,1.5,True
210,1530,7,2,-0.4387543875438754,-0.074970749707497,-0.2858578585785858,,hit,False,True,1.5,True
211,1531,7,3,-0.3530085300853008,-0.0363653636536365,-0.2450124501245012,,hit,False,True,1.5,True
212,1532,7,4,-0.2807478074780747,0.007460074600746,-0.2061220612206122,,hit,False,True,1.5,True
213,1533,7,5,-0.1964319643196432,0.0527430274302743,-0.1666216662166621,,hit,False,True,1.5,True
214,1534,7,6,-0.1195361953619536,0.0991009910099101,-0.1201862018620186,,hit,False,True,1.5,True
215,1535,7,7,-0.5918509185091851,-0.0431729317293172,-0.4770747707477075,,hit,False,True,1.5,True
216,1536,7,8,-0.8422234222342223,-0.1921819218192182,-0.5090350903509036,,hit,False,True,1.5,True
217,1537,7,9,-0.958669586695867,-0.2780452804528045,-0.543450434504345,,hit,False,True,1.5,True
218,1538,7,10,-0.8756237562375624,-0.2905229052290523,-0.499429994299943,,hit,False,True,1.5,True
219,1539,7,11,-0.7525675256752568,-0.2440024400244002,-0.4145266452664526,,hit,False,True,1.5,True
220,1540,6,2,-0.5556955569555696,-0.1019960199601996,-0.2862328623286232,,hit,False,True,1.5,True
221,1541,6,3,-0.4712347123471235,-0.062340623406234,-0.2446974469744697,,hit,False,True,1.5,True
222,1542,6,4,-0.3925389253892539,-0.0178651786517865,-0.2048820488204882,,hit,False,True,1.5,True
223,1543,6,5,-0.3112831128311283,0.0284127841278412,-0.1644116441164411,,hit,False,True,1.5,True
224,1544,6,6,-0.2255022550225502,0.0746132461324613,-0.1199261992619926,,hit,False,True,1.5,True
225,1545,6,7,-0.8885688856888568,-0.1245362453624536,-0.4749847498474985,,hit,False,True,1.5,True
226,1546,6,8,-1.0020350203502035,-0.1962244622446224,-0.511180111801118,,hit,False,True,1.5,True
227,1547,6,9,-1.069170691706917,-0.2793377933779338,-0.5434454344543446,,hit,False,True,1.5,True
228,1548,6,10,-0.9791647916479164,-0.3040580405804058,-0.4990649906499065,,hit,False,True,1.5,True
229,1549,6,11,-0.8164131641316413,-0.2348373483734837,-0.4136241362413624,,hit,False,True,1.5,True
230,1550,5,2,-0.5717857178571786,-0.0875958759587595,-0.2909279092790928,,hit,False,True,1.5,True
231,1551,5,3,-0.4927249272492724,-0.051660516605166,-0.2489224892248922,,hit,False,True,1.5,True
232,1552,5,4,-0.4098240982409824,-0.0107826078260782,-0.2047620476204762,,hit,False,True,1.5,True
233,1553,5,5,-0.3310833108331083,0.041630416304163,-0.1652866528665286,,hit,False,True,1.5,True
234,1554,5,6,-0.2418024180241802,0.0887983879838798,-0.1210362103621036,,hit,False,True,1.5,True
235,1555,5,7,-0.949779497794978,-0.0901934019340193,-0.4749947499474994,,hit,False,True,1.5,True
236,1556,5,8,-1.02420024200242,-0.1678891788917889,-0.5108151081510816,,hit,False,True,1.5,True
237,1557,5,9,-1.084980849808498,-0.2568050680506805,-0.540880408804088,,hit,False,True,1.5,True
238,1558,5,10,-0.999259992599926,-0.281260312603126,-0.4975549755497555,,hit,False,True,1.5,True
239,1559,5,11,-0.8219482194821949,-0.2178921789217892,-0.4130616306163062,,hit,False,True,1.5,True
240,1560,paired_18,2,-1.3304108041080411,-0.6242587425874259,0.1090760907609076,0.2041695416954169,split,False,True,1.5,True
241,1561,paired_18,3,-1.321540715407154,-0.6204787047870479,0.1384038840388403,0.2609451094510945,split,False,True,1.5,True
242,1562,paired_18,4,-1.3173831738317383,-0.6191161911619116,0.1639091390913909,0.322520725207252,split,False,True,1.5,True
243,1563,paired_18,5,-1.317528175281753,-0.6164911649116491,0.1933694336943369,0.3868163681636816,split,False,True,1.5,True
244,1564,paired_18,6,-1.31480064800648,-0.6157786577865779,0.2224697246972469,0.4540745407454074,split,False,True,1.5,True
245,1565,paired_18,7,-1.2885478854788548,-0.5917234172341723,0.4010740107401074,0.3842813428134281,stand,False,True,1.5,True
246,1566,paired_18,8,-1.2909654096540966,-0.5893933939339393,0.1052085520855208,0.265220152201522,split,False,True,1.5,True
247,1567,paired_18,9,-1.312360623606236,-0.6149586495864958,-0.1832718327183271,-0.0367728677286772,split,False,True,1.5,True
248,1568,paired_18,10,-1.2392673926739268,-0.5978109781097811,-0.1620716207162071,-0.2482724827248272,stand,False,True,1.5,True
249,1569,paired_18,11,-0.9268517685176852,-0.4423569235692356,-0.1550715507155071,-0.1408839088390883,split,False,True,1.5,True
250,1570,paired_16,2,-1.0221777217772177,-0.474419744197442,-0.2864628646286463,0.0590755907559075,split,False,True,1.5,True
251,1571,paired_16,3,-1.0140926409264093,-0.465839658396584,-0.2453974539745397,0.1212362123621236,split,False,True,1.5,True
252,1572,paired_16,4,-1.00340003400034,-0.4578720787207872,-0.2078720787207872,0.1860893608936089,split,False,True,1.5,True
253,1573,paired_16,5,-0.9949649496494964,-0.4491169911699117,-0.1657716577165771,0.259460094600946,split,False,True,1.5,True
254,1574,paired_16,6,-0.9873123731237312,-0.4434219342193422,-0.1211112111121111,0.2993354933549335,split,False,True,1.5,True
255,1575,paired_16,7,-0.9613971139711396,-0.4155391553915539,-0.4755847558475585,0.3329558295582955,split,False,True,1.5,True
256,1576,paired_16,8,-0.9989549895498956,-0.4575945759457595,-0.5120651206512065,0.005710057100571,split,False,True,1.5,True
257,1577,paired_16,9,-1.0507880078800789,-0.507160071600716,-0.542440424404244,-0.3375383753837538,split,False,True,1.5,True
258,1578,paired_16,10,-0.996819968199682,-0.4987624876248762,-0.498239982399824,-0.4047690476904769,split,False,True,1.5,True
259,1579,paired_16,11,-0.7540975409754097,-0.3755812558125581,-0.4133966339663397,-0.3277032770327703,split,False,True,1.5,True
260,1580,paired_14,2,-0.7547675476754767,-0.3635486354863548,-0.2863978639786398,-0.1439264392643926,split,False,True,1.5,True
261,1581,paired_14,3,-0.745089950899509,-0.3518485184851848,-0.2459524595245952,-0.069890698906989,split,False,True,1.5,True
262,1582,paired_14,4,-0.7301573015730157,-0.3365058650586506,-0.2066620666206662,0.0060000600006,split,False,True,1.5,True
263,1583,paired_14,5,-0.7130421304213043,-0.3225082250822508,-0.1638716387163871,0.0796257962579625,split,False,True,1.5,True
264,1584,paired_14,6,-0.699209492094921,-0.306220562205622,-0.1194861948619486,0.1632466324663246,split,False,True,1.5,True
265,1585,paired_14,7,-0.7090670906709067,-0.3196406964069641,-0.473779737797378,-0.0359753597535975,split,False,True,1.5,True
266,1586,paired_14,8,-0.7601726017260173,-0.3694261942619426,-0.5120001200012,-0.3583835838358383,split,False,True,1.5,True
267,1587,paired_14,9,-0.8218557185571855,-0.4299567995679957,-0.543660436604366,-0.5238652386523865,hit,False,True,1.5,True
268,1588,paired_14,10,-0.7904029040290403,-0.4326843268432684,-0.4974324743247432,-0.5662581625816259,hit,False,True,1.5,True
269,1589,paired_14,11,-0.596340963409634,-0.325990759907599,-0.4138641386413864,-0.4728097280972809,hit,False,True,1.5,True
270,1590,paired_12,2,-0.4939049390493905,-0.2540525405254052,-0.2845128451284512,-0.2066345663456634,split,False,True,1.5,True
271,1591,paired_12,3,-0.476049760497605,-0.2356548565485655,-0.2461224612246122,-0.1187361873618736,split,False,True,1.5,True
272,1592,paired_12,4,-0.4530320303203032,-0.2136171361713617,-0.2089970899708997,-0.043130431304313,split,False,True,1.5,True
273,1593,paired_12,5,-0.4275092750927509,-0.1927419274192742,-0.1632316323163231,0.0404229042290422,split,False,True,1.5,True
274,1594,paired_12,6,-0.4152641526415264,-0.1721017210172101,-0.1216662166621666,0.1165161651616516,split,False,True,1.5,True
275,1595,paired_12,7,-0.4523770237702377,-0.2146096460964609,-0.4750647506475065,-0.2421449214492144,hit,False,True,1.5,True
276,1596,paired_12,8,-0.5067525675256752,-0.271680216802168,-0.5084650846508465,-0.3893588935889359,hit,False,True,1.5,True
277,1597,paired_12,9,-0.5780732807328073,-0.3385083850838508,-0.543460434604346,-0.5499529995299953,hit,False,True,1.5,True
278,1598,paired_12,10,-0.5686281862818628,-0.3520960209602096,-0.4980374803748037,-0.6165761657616576,hit,False,True,1.5,True
279,1599,paired_12,11,-0.4327143271432714,-0.26380013800138,-0.4146016460164601,-0.4664271642716427,hit,False,True,1.5,True
280,1600,paired_10,2,0.2465949659496595,0.1802468024680246,-0.2864128641286413,-0.2685426854268543,double,False,True,1.5,True
281,1601,paired_10,3,0.273990239902399,0.2060445604456044,-0.2455474554745547,-0.1920744207442074,double,False,True,1.5,True
282,1602,paired_10,4,0.299640496404964,0.2305948059480594,-0.2069320693206932,-0.0993259932599326,double,False,True,1.5,True
283,1603,paired_10,5,0.3227432274322743,0.256350063500635,-0.1642616426164261,-0.0217752177521775,double,False,True,1.5,True
284,1604,paired_10,6,0.3509310093100931,0.2841578415784158,-0.1202712027120271,0.0576830768307683,double,False,True,1.5,True
285,1605,paired_10,7,0.3304508045080451,0.2578325783257832,-0.4749197491974919,-0.2666226662266622,double,False,True,1.5,True
286,1606,paired_10,8,0.2696751967519675,0.1961894618946189,-0.5089750897508976,-0.4122591225912259,double,False,True,1.5,True
287,1607,paired_10,9,0.1863493634936349,0.1146211462114621,-0.5446754467544676,-0.5867008670086701,double,False,True,1.5,True
288,1608,paired_10,10,0.0895933959339593,0.024040240402404,-0.4972549725497255,-0.6273537735377354,double,False,True,1.5,True
289,1609,paired_10,11,0.0722357223572235,0.0236577365773657,-0.4129891298912989,-0.4747547475474755,double,False,True,1.5,True
290,1610,paired_8,2,0.0002325023250232,0.002320023200232,-0.2879878798787988,-0.1873043730437304,hit,False,True,1.5,True
291,1611,paired_8,3,0.0331078310783107,0.0312778127781277,-0.2483224832248322,-0.1126886268862688,double,False,True,1.5,True
292,1612,paired_8,4,0.0637981379813798,0.0635756357563575,-0.2059320593205932,-0.0384153841538415,double,False,True,1.5,True
293,1613,paired_8,5,0.0945234452344523,0.0954484544845448,-0.1651166511665116,0.0560930609306093,hit,False,True,1.5,True
294,1614,paired_8,6,0.1187436874368743,0.1180636806368063,-0.1217462174621746,0.1307938079380793,split,False,True,1.5,True
295,1615,paired_8,7,0.1105736057360573,0.1081685816858168,-0.4749447494474945,-0.1443514435144351,double,False,True,1.5,True
296,1616,paired_8,8,-0.031330313303133,-0.0317053170531705,-0.508970089700897,-0.2812878128781287,double,False,True,1.5,True
297,1617,paired_8,9,-0.1810268102681027,-0.1816343163431634,-0.5409904099040991,-0.4480044800448004,double,False,True,1.5,True
298,1618,paired_8,10,-0.2066370663706637,-0.2101521015210152,-0.4984349843498435,-0.5306528065280652,double,False,True,1.5,True
299,1619,paired_8,11,-0.1657791577915779,-0.1667691676916769,-0.4122041220412204,-0.3996864968649686,double,False,True,1.5,True
300,1620,paired_6,2,-0.1083210832108321,-0.1111511115111151,-0.2875028750287502,-0.1265162651626516,double,False,True,1.5,True
301,1621,paired_6,3,-0.0659281592815928,-0.0709232092320923,-0.2437574375743757,-0.0542180421804218,split,False,True,1.5,True
302,1622,paired_6,4,-0.0332828328283282,-0.03520035200352,-0.2083920839208392,0.0162351623516235,split,False,True,1.5,True
303,1623,paired_6,5,0.0022975229752297,0.0014675146751467,-0.1631466314663146,0.0949359493594936,split,False,True,1.5,True
304,1624,paired_6,6,0.0400679006790067,0.0382728827288272,-0.1204262042620426,0.1892568925689257,split,False,True,1.5,True
305,1625,paired_6,7,-0.1179986799867998,-0.1175986759867598,-0.4759347593475935,-0.0215177151771517,split,False,True,1.5,True
306,1626,paired_6,8,-0.1870268702687026,-0.1842393423934239,-0.510780107801078,-0.1828368283682837,split,False,True,1.5,True
307,1627,paired_6,9,-0.2579450794507945,-0.2592775927759277,-0.5428604286042861,-0.3621236212362124,double,False,True,1.5,True
308,1628,paired_6,10,-0.2864553645536455,-0.2881778817788178,-0.4985174851748517,-0.4533970339703397,double,False,True,1.5,True
309,1629,paired_6,11,-0.2192771927719277,-0.2199196991969919,-0.4135766357663576,-0.3481034810348103,double,False,True,1.5,True
310,1630,paired_4,2,-0.0779832798327983,-0.077880778807788,-0.2857128571285713,-0.0649081490814908,split,False,True,1.5,True
311,1631,paired_4,3,-0.0463729637296373,-0.045740457404574,-0.2439274392743927,-0.010970109701097,split,False,True,1.5,True
312,1632,paired_4,4,-0.0095475954759547,-0.010070100701007,-0.2080920809208092,0.0524555245552455,split,False,True,1.5,True
313,1633,paired_4,5,0.029520295202952,0.0342878428784287,-0.1652766527665276,0.1317563175631756,split,False,True,1.5,True
314,1634,paired_4,6,0.0650281502815028,0.0660381603816038,-0.1201462014620146,0.2034245342453424,split,False,True,1.5,True
315,1635,paired_4,7,-0.0545930459304593,-0.0500280002800028,-0.475349753497535,0.047190471904719,split,False,True,1.5,True
316,1636,paired_4,8,-0.1268662686626866,-0.1224112241122411,-0.5093850938509386,-0.1231962319623196,hit,False,True,1.5,True
317,1637,paired_4,9,-0.2042495424954249,-0.2019770197701977,-0.541790417904179,-0.3111731117311173,hit,False,True,1.5,True
318,1638,paired_4,10,-0.236589865898659,-0.2365698656986569,-0.49819998199982,-0.4084390843908439,hit,False,True,1.5,True
319,1639,paired_4,11,-0.1816118161181611,-0.1834693346933469,-0.4152916529165291,-0.3134081340813408,double,False,True,1.5,True
320,1640,paired_aces,2,0.1464539645396454,0.0807183071830718,-0.2892128921289212,1.3075430754307542,split,False,True,1.5,True
321,1641,paired_aces,3,0.1823968239682396,0.1137111371113711,-0.2436074360743607,1.3655874058740587,split,False,True,1.5,True
322,1642,paired_aces,4,0.2101321013210132,0.1404089040890409,-0.2059620596205962,1.4186654366543665,split,False,True,1.5,True
323,1643,paired_aces,5,0.2454674546745467,0.1784792847928479,-0.1648466484664846,1.4725072250722506,split,False,True,1.5,True
324,1644,paired_aces,6,0.2651676516765168,0.1980744807448074,-0.1216012160121601,1.4825923259232592,split,False,True,1.5,True
325,1645,paired_aces,7,0.2383173831738317,0.1672241722417224,-0.476039760397604,1.4653421534215345,split,False,True,1.5,True
326,1646,paired_aces,8,0.1641691416914169,0.0983759837598376,-0.5095150951509515,1.3419671696716968,split,False,True,1.5,True
327,1647,paired_aces,9,0.0725157251572515,-0.0004725047250472,-0.5427454274542746,1.1624016240162405,split,False,True,1.5,True
328,1648,paired_aces,10,0.0048575485754857,-0.063870638706387,-0.498679986799868,0.9437094370943708,split,False,True,1.5,True
329,1649,paired_aces,11,0.0039250392503925,-0.0470954709547095,-0.4108641086410864,0.7286797867978679,split,False,True,1.5,True
0,1320,20,2,-1.7089170891708918,-0.8544585445854459,0.6330188301883019,,stand,False,True,1.2,True
1,1321,20,3,-1.7062020620206202,-0.8531010310103101,0.6456914569145692,,stand,False,True,1.2,True
2,1322,20,4,-1.7078770787707878,-0.8539385393853939,0.6542265422654227,,stand,False,True,1.2,True
3,1323,20,5,-1.7056120561205612,-0.8528060280602806,0.6699016990169901,,stand,False,True,1.2,True
4,1324,20,6,-1.7039220392203922,-0.8519610196101961,0.6788142881428815,,stand,False,True,1.2,True
5,1325,20,7,-1.701662016620166,-0.8508310083100831,0.7718477184771848,,stand,False,True,1.2,True
6,1326,20,8,-1.7015970159701597,-0.8507985079850798,0.7904704047040471,,stand,False,True,1.2,True
7,1327,20,9,-1.6954169541695416,-0.8477084770847708,0.756150061500615,,stand,False,True,1.2,True
8,1328,20,10,-1.715547155471555,-0.8577735777357773,0.4373243732437324,,stand,False,True,1.2,True
9,1329,20,11,-1.8026180261802616,-0.9013090130901308,0.1144961449614496,,stand,False,True,1.2,True
10,1330,19,2,-1.459239592395924,-0.728809788097881,0.3778012780127801,,stand,False,True,1.2,True
11,1331,19,3,-1.458759587595876,-0.7294922949229492,0.3964814648146481,,stand,False,True,1.2,True
12,1332,19,4,-1.4537945379453794,-0.7275397753977539,0.4187241872418724,,stand,False,True,1.2,True
13,1333,19,5,-1.4503745037450375,-0.7260747607476075,0.4325293252932529,,stand,False,True,1.2,True
14,1334,19,6,-1.4538845388453885,-0.7252422524225243,0.4545245452454524,,stand,False,True,1.2,True
15,1335,19,7,-1.4327843278432784,-0.7153646536465365,0.6157036570365704,,stand,False,True,1.2,True
16,1336,19,8,-1.4290942909429094,-0.7145521455214552,0.5940434404344044,,stand,False,True,1.2,True
17,1337,19,9,-1.4343693436934368,-0.7148321483214832,0.2889378893788938,,stand,False,True,1.2,True
18,1338,19,10,-1.3469934699346993,-0.6723442234422344,0.0587130871308713,,stand,False,True,1.2,True
19,1339,19,11,-1.010980109801098,-0.506080060800608,0.1300138001380013,,stand,False,True,1.2,True
20,1340,18,2,-1.2475624756247563,-0.6230387303873038,0.1115761157611576,,stand,False,True,1.2,True
21,1341,18,3,-1.2400924009240093,-0.6210437104371044,0.1362513625136251,,stand,False,True,1.2,True
22,1342,18,4,-1.236352363523635,-0.6176261762617626,0.1677441774417744,,stand,False,True,1.2,True
23,1343,18,5,-1.2309123091230911,-0.6145986459864599,0.1946919469194692,,stand,False,True,1.2,True
24,1344,18,6,-1.2294772947729478,-0.6131461314613146,0.2222447224472244,,stand,False,True,1.2,True
25,1345,18,7,-1.1821868218682188,-0.5911259112591126,0.3974414744147441,,stand,False,True,1.2,True
26,1346,18,8,-1.1791217912179122,-0.5929184291842918,0.1062660626606266,,stand,False,True,1.2,True
27,1347,18,9,-1.2305873058730588,-0.6135361353613537,-0.1839168391683917,,stand,False,True,1.2,True
28,1348,18,10,-1.1991319913199132,-0.5983959839598396,-0.1626841268412684,,stand,False,True,1.2,True
29,1349,18,11,-0.8842488424884248,-0.4431719317193172,-0.1552315523155231,,stand,False,True,1.2,True
30,1350,17,2,-1.0756157561575617,-0.5394028940289403,-0.1582040820408204,,stand,False,True,1.2,True
31,1351,17,3,-1.0620356203562036,-0.5334228342283422,-0.1214412144121441,,stand,False,True,1.2,True
32,1352,17,4,-1.054340543405434,-0.5279877798777988,-0.0811483114831148,,stand,False,True,1.2,True
33,1353,17,5,-1.0486554865548656,-0.522610226102261,-0.04620046200462,,stand,False,True,1.2,True
34,1354,17,6,-1.035280352803528,-0.5183526835268353,-0.005650056500565,,stand,False,True,1.2,True
35,1355,17,7,-0.9641496414964148,-0.484359843598436,-0.1060385603856038,,stand,False,True,1.2,True
36,1356,17,8,-1.0141451414514144,-0.5055575555755557,-0.3803413034130341,,stand,False,True,1.2,True
37,1357,17,9,-1.1063560635606355,-0.5536605366053661,-0.4212217122171222,,stand,False,True,1.2,True
38,1358,17,10,-1.079960799607996,-0.5383428834288343,-0.3880013800138001,,stand,False,True,1.2,True
39,1359,17,11,-0.8039530395303953,-0.4014665146651466,-0.3558310583105831,,stand,False,True,1.2,True
40,1360,16,2,-0.9438244382443824,-0.4738222382223822,-0.2847478474784747,,stand,False,True,1.2,True
41,1361,16,3,-0.9360943609436094,-0.4656571565715657,-0.2462824628246282,,stand,False,True,1.2,True
42,1362,16,4,-0.913609136091361,-0.4596870968709687,-0.2044720447204472,,stand,False,True,1.2,True
43,1363,16,5,-0.9047940479404794,-0.4506170061700617,-0.1655566555665556,,stand,False,True,1.2,True
44,1364,16,6,-0.8932739327393274,-0.4441594415944159,-0.1232912329123291,,stand,False,True,1.2,True
45,1365,16,7,-0.8239532395323953,-0.4138841388413884,-0.4753297532975329,,hit,False,True,1.2,True
46,1366,16,8,-0.9160841608416084,-0.4597270972709727,-0.5104651046510466,,hit,False,True,1.2,True
47,1367,16,9,-1.0118051180511805,-0.5077150771507715,-0.5430554305543055,,hit,False,True,1.2,True
48,1368,16,10,-0.9959449594495944,-0.497239972399724,-0.4996724967249673,,hit,False,True,1.2,True
49,1369,16,11,-0.7513825138251382,-0.3749062490624906,-0.4119641196411964,,hit,False,True,1.2,True
50,1370,15,2,-0.8397883978839789,-0.4188566885668857,-0.2850528505285052,,stand,False,True,1.2,True
51,1371,15,3,-0.8169081690816908,-0.4073740737407374,-0.2451774517745177,,stand,False,True,1.2,True
52,1372,15,4,-0.7917429174291742,-0.3967089670896709,-0.2037370373703737,,stand,False,True,1.2,True
53,1373,15,5,-0.7704377043770437,-0.3863338633386334,-0.1661666616666166,,stand,False,True,1.2,True
54,1374,15,6,-0.7548875488754887,-0.3760987609876098,-0.1217062170621706,,stand,False,True,1.2,True
55,1375,15,7,-0.7502225022250223,-0.3682086820868209,-0.47559975599756,,hit,False,True,1.2,True
56,1376,15,8,-0.8390633906339063,-0.4143616436164362,-0.5086150861508615,,hit,False,True,1.2,True
57,1377,15,9,-0.9499344993449934,-0.4695921959219592,-0.5401704017040171,,hit,False,True,1.2,True
58,1378,15,10,-0.9301843018430184,-0.4652721527215272,-0.500580005800058,,hit,False,True,1.2,True
59,1379,15,11,-0.7117121171211712,-0.3514910149101491,-0.4121141211412114,,hit,False,True,1.2,True
60,1380,14,2,-0.7280622806228062,-0.3613761137611376,-0.2881078810788108,,stand,False,True,1.2,True
61,1381,14,3,-0.6973619736197362,-0.3491034910349103,-0.2458474584745847,,stand,False,True,1.2,True
62,1382,14,4,-0.6707767077670777,-0.3330633306333063,-0.2063170631706317,,stand,False,True,1.2,True
63,1383,14,5,-0.6424914249142492,-0.3223182231822318,-0.1623766237662376,,stand,False,True,1.2,True
64,1384,14,6,-0.6098710987109871,-0.3081055810558105,-0.1224462244622446,,stand,False,True,1.2,True
65,1385,14,7,-0.6658216582165821,-0.3201857018570185,-0.4764997649976499,,hit,False,True,1.2,True
66,1386,14,8,-0.7622076220762207,-0.3694211942119421,-0.508460084600846,,hit,False,True,1.2,True
67,1387,14,9,-0.8814588145881459,-0.4299017990179902,-0.539960399603996,,hit,False,True,1.2,True
68,1388,14,10,-0.8670586705867058,-0.4295017950179501,-0.4982924829248292,,hit,False,True,1.2,True
69,1389,14,11,-0.6670616706167062,-0.3252882528825288,-0.4141641416414164,,hit,False,True,1.2,True
70,1390,13,2,-0.6185061850618506,-0.306230562305623,-0.2901529015290153,,stand,False,True,1.2,True
71,1391,13,3,-0.5823358233582335,-0.2899253992539925,-0.2460424604246042,,stand,False,True,1.2,True
72,1392,13,4,-0.5511055110551105,-0.2728552285522855,-0.2052470524705247,,stand,False,True,1.2,True
73,1393,13,5,-0.5112351123511235,-0.2560575605756057,-0.1654516545165451,,stand,False,True,1.2,True
74,1394,13,6,-0.473979739797398,-0.2396648966489664,-0.1228712287122871,,stand,False,True,1.2,True
75,1395,13,7,-0.5857908579085791,-0.2700177001770018,-0.4724147241472414,,hit,False,True,1.2,True
76,1396,13,8,-0.6883018830188302,-0.3221657216572166,-0.5089850898508985,,hit,False,True,1.2,True
77,1397,13,9,-0.8074780747807478,-0.3869513695136951,-0.542910429104291,,hit,False,True,1.2,True
78,1398,13,10,-0.8011280112801128,-0.3940414404144041,-0.4979249792497925,,hit,False,True,1.2,True
79,1399,13,11,-0.6225362253622536,-0.2974654746547465,-0.4137516375163751,,hit,False,True,1.2,True
80,1400,12,2,-0.5083900839008391,-0.2532650326503265,-0.2908629086290863,,hit,False,True,1.2,True
81,1401,12,3,-0.4663346633466335,-0.2334373343733437,-0.2462674626746267,,hit,False,True,1.2,True
82,1402,12,4,-0.4295992959929599,-0.2121496214962149,-0.2044820448204482,,stand,False,True,1.2,True
83,1403,12,5,-0.3852338523385233,-0.1925969259692597,-0.1646466464664646,,stand,False,True,1.2,True
84,1404,12,6,-0.3424284242842428,-0.1733642336423364,-0.1226962269622696,,stand,False,True,1.2,True
85,1405,12,7,-0.5092250922509225,-0.2109671096710967,-0.4751747517475175,,hit,False,True,1.2,True
86,1406,12,8,-0.6160911609116091,-0.2714352143521435,-0.5093350933509335,,hit,False,True,1.2,True
87,1407,12,9,-0.7284072840728407,-0.3403734037340373,-0.5396853968539685,,hit,False,True,1.2,True
88,1408,12,10,-0.7378523785237853,-0.3523585235852358,-0.497119971199712,,hit,False,True,1.2,True
89,1409,12,11,-0.5801158011580115,-0.2671226712267123,-0.4153791537915379,,hit,False,True,1.2,True
90,1410,11,2,0.4737247372473724,0.2387048870488705,-0.2865578655786558,,double,False,True,1.2,True
91,1411,11,3,0.524030240302403,0.261190111901119,-0.2446874468744687,,double,False,True,1.2,True
92,1412,11,4,0.5698756987569876,0.2830778307783078,-0.2031970319703197,,double,False,True,1.2,True
93,1413,11,5,0.6187411874118741,0.3077830778307783,-0.1658066580665806,,double,False,True,1.2,True
94,1414,11,6,0.6634916349163492,0.3320933209332093,-0.1211462114621146,,double,False,True,1.2,True
95,1415,11,7,0.4650346503465035,0.2922979229792298,-0.4742047420474204,,double,False,True,1.2,True
96,1416,11,8,0.3507735077350774,0.2292872928729287,-0.5116051160511605,,double,False,True,1.2,True
97,1417,11,9,0.2306773067730677,0.1608216082160821,-0.5431554315543156,,double,False,True,1.2,True
98,1418,11,10,0.1681266812668126,0.1086635866358663,-0.4963274632746327,,double,False,True,1.2,True
99,1419,11,11,0.0747857478574785,0.072090720907209,-0.4131166311663116,,double,False,True,1.2,True
100,1420,10,2,0.3583385833858338,0.1815443154431544,-0.2869778697786977,,double,False,True,1.2,True
101,1421,10,3,0.4022290222902229,0.2026245262452624,-0.2475874758747587,,double,False,True,1.2,True
102,1422,10,4,0.4617296172961729,0.231269812698127,-0.2043220432204322,,double,False,True,1.2,True
103,1423,10,5,0.5176951769517695,0.2564475644756447,-0.1636466364663646,,double,False,True,1.2,True
104,1424,10,6,0.5665356653566536,0.282140321403214,-0.1223512235122351,,double,False,True,1.2,True
105,1425,10,7,0.3935689356893569,0.2573150731507315,-0.4780597805978059,,double,False,True,1.2,True
106,1426,10,8,0.2903129031290313,0.1975794757947579,-0.509990099900999,,double,False,True,1.2,True
107,1427,10,9,0.1409714097140971,0.1145961459614596,-0.5418104181041811,,double,False,True,1.2,True
108,1428,10,10,-0.005770057700577,0.024150241502415,-0.4971424714247142,,hit,False,True,1.2,True
109,1429,10,11,-0.0270052700527005,0.0236352363523635,-0.4112441124411244,,hit,False,True,1.2,True
110,1430,soft_20,2,0.3598585985859858,0.1836893368933689,0.6339163391633916,,stand,False,True,1.2,True
111,1431,soft_20,3,0.4063440634406344,0.2067545675456754,0.6427114271142711,,stand,False,True,1.2,True
112,1432,soft_20,4,0.461079610796108,0.2289372893728937,0.6558515585155852,,stand,False,True,1.2,True
113,1433,soft_20,5,0.507390073900739,0.25540005400054,0.6668991689916899,,stand,False,True,1.2,True
114,1434,soft_20,6,0.5642556425564256,0.2837253372533725,0.6783242832428324,,stand,False,True,1.2,True
115,1435,soft_20,7,0.3937589375893759,0.2585850858508585,0.77210022100221,,stand,False,True,1.2,True
116,1436,soft_20,8,0.2823978239782397,0.1963269632696327,0.7926729267292673,,stand,False,True,1.2,True
117,1437,soft_20,9,0.1451614516145161,0.1131486314863148,0.7592425924259243,,stand,False,True,1.2,True
118,1438,soft_20,10,-0.007160071600716,0.0239252392523925,0.5089425894258942,,stand,False,True,1.2,True
119,1439,soft_20,11,-0.0198151981519815,0.0227377273772737,0.4179716797167971,,stand,False,True,1.2,True
120,1440,soft_19,2,0.2494974949749497,0.1219087190871908,0.3757862578625786,,stand,False,True,1.2,True
121,1441,soft_19,3,0.2944579445794458,0.1474739747397474,0.3937814378143781,,stand,False,True,1.2,True
122,1442,soft_19,4,0.3527835278352783,0.1764642646426464,0.4171116711167111,,stand,False,True,1.2,True
123,1443,soft_19,5,0.4025490254902549,0.2010545105451054,0.4380643806438064,,stand,False,True,1.2,True
124,1444,soft_19,6,0.455929559295593,0.2324248242482424,0.4517420174201742,,double,False,True,1.2,True
125,1445,soft_19,7,0.3154731547315473,0.2220922209222092,0.6160236602366024,,stand,False,True,1.2,True
126,1446,soft_19,8,0.1972769727697277,0.1525290252902529,0.5944984449844498,,stand,False,True,1.2,True
127,1447,soft_19,9,-0.064890648906489,0.0101026010260102,0.2893353933539335,,stand,False,True,1.2,True
128,1448,soft_19,10,-0.2090670906709067,-0.0812483124831248,0.0587055870558705,,stand,False,True,1.2,True
129,1449,soft_19,11,-0.1567815678156781,-0.0437779377793777,0.1292437924379244,,stand,False,True,1.2,True
130,1450,soft_18,2,0.1091160911609116,0.0617281172811728,0.1091635916359163,,stand,False,True,1.2,True
131,1451,soft_18,3,0.1754467544675446,0.089090890908909,0.1365213652136521,,double,False,True,1.2,True
132,1452,soft_18,4,0.2286922869228692,0.1159236592365923,0.1658791587915879,,double,False,True,1.2,True
133,1453,soft_18,5,0.2970329703297032,0.1458064580645806,0.1951119511195111,,double,False,True,1.2,True
134,1454,soft_18,6,0.3542085420854208,0.1763867638676386,0.2251947519475194,,double,False,True,1.2,True
135,1455,soft_18,7,0.2195071950719507,0.1677391773917739,0.4002715027150271,,stand,False,True,1.2,True
136,1456,soft_18,8,-0.0341253412534125,0.037780377803778,0.1078885788857888,,stand,False,True,1.2,True
137,1457,soft_18,9,-0.2821228212282123,-0.0995684956849568,-0.1836643366433664,,hit,False,True,1.2,True
138,1458,soft_18,10,-0.3180631806318063,-0.1312813128131281,-0.1650191501915019,,hit,False,True,1.2,True
139,1459,soft_18,11,-0.2845978459784598,-0.1100336003360033,-0.1558940589405894,,hit,False,True,1.2,True
140,1460,soft_17,2,-0.008970089700897,-0.001830018300183,-0.1554215542155421,,hit,False,True,1.2,True
141,1461,soft_17,3,0.054930549305493,0.0292677926779267,-0.1215662156621566,,double,False,True,1.2,True
142,1462,soft_17,4,0.1113311133111331,0.0631556315563155,-0.0829458294582945,,double,False,True,1.2,True
143,1463,soft_17,5,0.1821768217682176,0.0993359933599336,-0.0474079740797407,,double,False,True,1.2,True
144,1464,soft_17,6,0.2495974959749597,0.1322738227382273,-0.0045275452754527,,double,False,True,1.2,True
145,1465,soft_17,7,-0.013340133401334,0.0539080390803908,-0.1043535435354353,,hit,False,True,1.2,True
146,1466,soft_17,8,-0.2547375473754737,-0.0749632496324963,-0.3827113271132711,,hit,False,True,1.2,True
147,1467,soft_17,9,-0.3993389933899339,-0.1519440194401944,-0.4212817128171282,,hit,False,True,1.2,True
148,1468,soft_17,10,-0.4182241822418224,-0.1821343213432134,-0.3857513575135751,,hit,False,True,1.2,True
149,1469,soft_17,11,-0.3842388423884239,-0.1531215312153121,-0.3556485564855648,,hit,False,True,1.2,True
150,1470,soft_16,2,-0.0659656596565965,-0.0202752027520275,-0.2853578535785357,,hit,False,True,1.2,True
151,1471,soft_16,3,-0.00520005200052,0.0169226692266922,-0.2458074580745807,,hit,False,True,1.2,True
152,1472,soft_16,4,0.058860588605886,0.0494429944299443,-0.2052120521205212,,double,False,True,1.2,True
153,1473,soft_16,5,0.1203262032620326,0.084060840608406,-0.1644866448664486,,double,False,True,1.2,True
154,1474,soft_16,6,0.1945319453194532,0.1278262782627826,-0.1217012170121701,,double,False,True,1.2,True
155,1475,soft_16,7,-0.1753017530175301,-0.0024775247752477,-0.4725747257472574,,hit,False,True,1.2,True
156,1476,soft_16,8,-0.3130981309813098,-0.0652031520315203,-0.5098250982509825,,hit,False,True,1.2,True
157,1477,soft_16,9,-0.4565795657956579,-0.1508615086150861,-0.5434254342543425,,hit,False,True,1.2,True
158,1478,soft_16,10,-0.4739897398973989,-0.1894793947939479,-0.5001625016250163,,hit,False,True,1.2,True
159,1479,soft_16,11,-0.4061140611406114,-0.1398038980389803,-0.4149341493414934,,hit,False,True,1.2,True
160,1480,soft_15,2,-0.0745357453574535,-0.0008725087250872,-0.2884178841788418,,hit,False,True,1.2,True
161,1481,soft_15,3,-0.0053650536505365,0.036590365903659,-0.2462474624746247,,hit,False,True,1.2,True
162,1482,soft_15,4,0.0570005700057,0.0700932009320093,-0.2055970559705597,,hit,False,True,1.2,True
163,1483,soft_15,5,0.1267562675626756,0.1097210972109721,-0.1630766307663076,,double,False,True,1.2,True
164,1484,soft_15,6,0.1941169411694117,0.1536715367153671,-0.1199961999619996,,double,False,True,1.2,True
165,1485,soft_15,7,-0.1825368253682537,0.0375928759287592,-0.475659756597566,,hit,False,True,1.2,True
166,1486,soft_15,8,-0.3153631536315363,-0.026730267302673,-0.508620086200862,,hit,False,True,1.2,True
167,1487,soft_15,9,-0.4565545655456554,-0.1142586425864258,-0.5422154221542216,,hit,False,True,1.2,True
168,1488,soft_15,10,-0.4741447414474145,-0.1621816218162181,-0.498439984399844,,hit,False,True,1.2,True
169,1489,soft_15,11,-0.4074740747407474,-0.1169986699866998,-0.4137491374913749,,hit,False,True,1.2,True
170,1490,soft_14,2,-0.0706157061570615,0.0204652046520465,-0.2890928909289093,,hit,False,True,1.2,True
171,1491,soft_14,3,-0.006280062800628,0.0554680546805468,-0.2448274482744827,,hit,False,True,1.2,True
172,1492,soft_14,4,0.055780557805578,0.0914109141091411,-0.2090420904209042,,hit,False,True,1.2,True
173,1493,soft_14,5,0.1291462914629146,0.1329263292632926,-0.1628266282662826,,hit,False,True,1.2,True
174,1494,soft_14,6,0.1985669856698567,0.1732417324173241,-0.1217012170121701,,double,False,True,1.2,True
175,1495,soft_14,7,-0.1855068550685507,0.079110791107911,-0.4742947429474294,,hit,False,True,1.2,True
176,1496,soft_14,8,-0.3107731077310773,0.011350113501135,-0.5104051040510406,,hit,False,True,1.2,True
177,1497,soft_14,9,-0.455009550095501,-0.0743482434824348,-0.5408054080540805,,hit,False,True,1.2,True
178,1498,soft_14,10,-0.4698446984469844,-0.1296937969379693,-0.4974949749497495,,hit,False,True,1.2,True
179,1499,soft_14,11,-0.4083890838908389,-0.0940959409594096,-0.4122541225412254,,hit,False,True,1.2,True
180,1500,soft_13,2,-0.0710457104571045,0.044880448804488,-0.2867578675786758,,hit,False,True,1.2,True
181,1501,soft_13,3,-0.0097950979509795,0.0775682756827568,-0.2435124351243512,,hit,False,True,1.2,True
182,1502,soft_13,4,0.0612456124561245,0.1162286622866228,-0.2064970649706497,,hit,False,True,1.2,True
183,1503,soft_13,5,0.1296712967129671,0.1586990869908699,-0.1654366543665436,,hit,False,True,1.2,True
184,1504,soft_13,6,0.1978069780697807,0.2028570285702857,-0.1222662226622266,,hit,False,True,1.2,True
185,1505,soft_13,7,-0.1767467674676746,0.1235737357373573,-0.4722947229472294,,hit,False,True,1.2,True
186,1506,soft_13,8,-0.3159781597815978,0.0556130561305613,-0.5101551015510155,,hit,False,True,1.2,True
187,1507,soft_13,9,-0.4556845568455684,-0.0360128601286012,-0.5422654226542265,,hit,False,True,1.2,True
188,1508,soft_13,10,-0.4724297242972429,-0.096760967609676,-0.4989974899748997,,hit,False,True,1.2,True
189,1509,soft_13,11,-0.4068240682406824,-0.0705282052820528,-0.4127491274912749,,hit,False,True,1.2,True
190,1510,9,2,0.062360623606236,0.0889958899588996,-0.2863428634286343,,hit,False,True,1.2,True
191,1511,9,3,0.1153711537115371,0.1185586855868558,-0.2485274852748527,,hit,False,True,1.2,True
192,1512,9,4,0.1816568165681656,0.1481189811898119,-0.2085470854708547,,double,False,True,1.2,True
193,1513,9,5,0.2430224302243022,0.1833543335433354,-0.1638966389663896,,double,False,True,1.2,True
194,1514,9,6,0.2991679916799168,0.2130271302713027,-0.1219362193621936,,double,False,True,1.2,True
195,1515,9,7,0.1067110671106711,0.1839243392433924,-0.477509775097751,,hit,False,True,1.2,True
196,1516,9,8,-0.0293552935529355,0.1069785697856978,-0.50910009100091,,hit,False,True,1.2,True
197,1517,9,9,-0.3004830048300483,-0.0458329583295833,-0.5443354433544335,,hit,False,True,1.2,True
198,1518,9,10,-0.4289542895428954,-0.1354013540135401,-0.497619976199762,,hit,False,True,1.2,True
199,1519,9,11,-0.3144031440314403,-0.0856333563335633,-0.4134566345663457,,hit,False,True,1.2,True
200,1520,8,2,-0.2036970369703697,0.0121376213762137,-0.2863478634786348,,hit,False,True,1.2,True
201,1521,8,3,-0.1388213882138821,0.0412979129791297,-0.2491174911749117,,hit,False,True,1.2,True
202,1522,8,4,-0.069270692706927,0.0796182961829618,-0.2035370353703537,,hit,False,True,1.2,True
203,1523,8,5,0.0059550595505955,0.1157661576615766,-0.1666066660666606,,hit,False,True,1.2,True
204,1524,8,6,0.0751957519575195,0.1523290232902329,-0.1225562255622556,,hit,False,True,1.2,True
205,1525,8,7,-0.1892318923189231,0.1072710727107271,-0.4719447194471944,,hit,False,True,1.2,True
206,1526,8,8,-0.4549595495954959,-0.0416654166541665,-0.510330103301033,,hit,False,True,1.2,True
207,1527,8,9,-0.7142921429214292,-0.1985394853948539,-0.5445754457544576,,hit,False,True,1.2,True
208,1528,8,10,-0.6882668826688267,-0.2283322833228332,-0.4981749817498175,,hit,False,True,1.2,True
209,1529,8,11,-0.5749357493574936,-0.1828293282932829,-0.4132866328663286,,hit,False,True,1.2,True
210,1530,7,2,-0.4387543875438754,-0.074970749707497,-0.2858578585785858,,hit,False,True,1.2,True
211,1531,7,3,-0.3530085300853008,-0.0363653636536365,-0.2450124501245012,,hit,False,True,1.2,True
212,1532,7,4,-0.2807478074780747,0.007460074600746,-0.2061220612206122,,hit,False,True,1.2,True
213,1533,7,5,-0.1964319643196432,0.0527430274302743,-0.1666216662166621,,hit,False,True,1.2,True
214,1534,7,6,-0.1195361953619536,0.0991009910099101,-0.1201862018620186,,hit,False,True,1.2,True
215,1535,7,7,-0.5918509185091851,-0.0431729317293172,-0.4770747707477075,,hit,False,True,1.2,True
216,1536,7,8,-0.8422234222342223,-0.1921819218192182,-0.5090350903509036,,hit,False,True,1.2,True
217,1537,7,9,-0.958669586695867,-0.2780452804528045,-0.543450434504345,,hit,False,True,1.2,True
218,1538,7,10,-0.8756237562375624,-0.2905229052290523,-0.499429994299943,,hit,False,True,1.2,True
219,1539,7,11,-0.7525675256752568,-0.2440024400244002,-0.4145266452664526,,hit,False,True,1.2,True
220,1540,6,2,-0.5556955569555696,-0.1019960199601996,-0.2862328623286232,,hit,False,True,1.2,True
221,1541,6,3,-0.4712347123471235,-0.062340623406234,-0.2446974469744697,,hit,False,True,1.2,True
222,1542,6,4,-0.3925389253892539,-0.0178651786517865,-0.2048820488204882,,hit,False,True,1.2,True
223,1543,6,5,-0.3112831128311283,0.0284127841278412,-0.1644116441164411,,hit,False,True,1.2,True
224,1544,6,6,-0.2255022550225502,0.0746132461324613,-0.1199261992619926,,hit,False,True,1.2,True
225,1545,6,7,-0.8885688856888568,-0.1245362453624536,-0.4749847498474985,,hit,False,True,1.2,True
226,1546,6,8,-1.0020350203502035,-0.1962244622446224,-0.511180111801118,,hit,False,True,1.2,True
227,1547,6,9,-1.069170691706917,-0.2793377933779338,-0.5434454344543446,,hit,False,True,1.2,True
228,1548,6,10,-0.9791647916479164,-0.3040580405804058,-0.4990649906499065,,hit,False,True,1.2,True
229,1549,6,11,-0.8164131641316413,-0.2348373483734837,-0.4136241362413624,,hit,False,True,1.2,True
230,1550,5,2,-0.5717857178571786,-0.0875958759587595,-0.2909279092790928,,hit,False,True,1.2,True
231,1551,5,3,-0.4927249272492724,-0.051660516605166,-0.2489224892248922,,hit,False,True,1.2,True
232,1552,5,4,-0.4098240982409824,-0.0107826078260782,-0.2047620476204762,,hit,False,True,1.2,True
233,1553,5,5,-0.3310833108331083,0.041630416304163,-0.1652866528665286,,hit,False,True,1.2,True
234,1554,5,6,-0.2418024180241802,0.0887983879838798,-0.1210362103621036,,hit,False,True,1.2,True
235,1555,5,7,-0.949779497794978,-0.0901934019340193,-0.4749947499474994,,hit,False,True,1.2,True
236,1556,5,8,-1.02420024200242,-0.1678891788917889,-0.5108151081510816,,hit,False,True,1.2,True
237,1557,5,9,-1.084980849808498,-0.2568050680506805,-0.540880408804088,,hit,False,True,1.2,True
238,1558,5,10,-0.999259992599926,-0.281260312603126,-0.4975549755497555,,hit,False,True,1.2,True
239,1559,5,11,-0.8219482194821949,-0.2178921789217892,-0.4130616306163062,,hit,False,True,1.2,True
240,1560,paired_18,2,-1.3304108041080411,-0.6242587425874259,0.1090760907609076,0.2041695416954169,split,False,True,1.2,True
241,1561,paired_18,3,-1.321540715407154,-0.6204787047870479,0.1384038840388403,0.2609451094510945,split,False,True,1.2,True
242,1562,paired_18,4,-1.3173831738317383,-0.6191161911619116,0.1639091390913909,0.322520725207252,split,False,True,1.2,True
243,1563,paired_18,5,-1.317528175281753,-0.6164911649116491,0.1933694336943369,0.3868163681636816,split,False,True,1.2,True
244,1564,paired_18,6,-1.31480064800648,-0.6157786577865779,0.2224697246972469,0.4540745407454074,split,False,True,1.2,True
245,1565,paired_18,7,-1.2885478854788548,-0.5917234172341723,0.4010740107401074,0.3842813428134281,stand,False,True,1.2,True
246,1566,paired_18,8,-1.2909654096540966,-0.5893933939339393,0.1052085520855208,0.265220152201522,split,False,True,1.2,True
247,1567,paired_18,9,-1.312360623606236,-0.6149586495864958,-0.1832718327183271,-0.0367728677286772,split,False,True,1.2,True
248,1568,paired_18,10,-1.2392673926739268,-0.5978109781097811,-0.1620716207162071,-0.2482724827248272,stand,False,True,1.2,True
249,1569,paired_18,11,-0.9268517685176852,-0.4423569235692356,-0.1550715507155071,-0.1408839088390883,split,False,True,1.2,True
250,1570,paired_16,2,-1.0221777217772177,-0.474419744197442,-0.2864628646286463,0.0590755907559075,split,False,True,1.2,True
251,1571,paired_16,3,-1.0140926409264093,-0.465839658396584,-0.2453974539745397,0.1212362123621236,split,False,True,1.2,True
252,1572,paired_16,4,-1.00340003400034,-0.4578720787207872,-0.2078720787207872,0.1860893608936089,split,False,True,1.2,True
253,1573,paired_16,5,-0.9949649496494964,-0.4491169911699117,-0.1657716577165771,0.259460094600946,split,False,True,1.2,True
254,1574,paired_16,6,-0.9873123731237312,-0.4434219342193422,-0.1211112111121111,0.2993354933549335,split,False,True,1.2,True
255,1575,paired_16,7,-0.9613971139711396,-0.4155391553915539,-0.4755847558475585,0.3329558295582955,split,False,True,1.2,True
256,1576,paired_16,8,-0.9989549895498956,-0.4575945759457595,-0.5120651206512065,0.005710057100571,split,False,True,1.2,True
257,1577,paired_16,9,-1.0507880078800789,-0.507160071600716,-0.542440424404244,-0.3375383753837538,split,False,True,1.2,True
258,1578,paired_16,10,-0.996819968199682,-0.4987624876248762,-0.498239982399824,-0.4047690476904769,split,False,True,1.2,True
259,1579,paired_16,11,-0.7540975409754097,-0.3755812558125581,-0.4133966339663397,-0.3277032770327703,split,False,True,1.2,True
260,1580,paired_14,2,-0.7547675476754767,-0.3635486354863548,-0.2863978639786398,-0.1439264392643926,split,False,True,1.2,True
261,1581,paired_14,3,-0.745089950899509,-0.3518485184851848,-0.2459524595245952,-0.069890698906989,split,False,True,1.2,True
262,1582,paired_14,4,-0.7301573015730157,-0.3365058650586506,-0.2066620666206662,0.0060000600006,split,False,True,1.2,True
263,1583,paired_14,5,-0.7130421304213043,-0.3225082250822508,-0.1638716387163871,0.0796257962579625,split,False,True,1.2,True
264,1584,paired_14,6,-0.699209492094921,-0.306220562205622,-0.1194861948619486,0.1632466324663246,split,False,True,1.2,True
265,1585,paired_14,7,-0.7090670906709067,-0.3196406964069641,-0.473779737797378,-0.0359753597535975,split,False,True,1.2,True
266,1586,paired_14,8,-0.7601726017260173,-0.3694261942619426,-0.5120001200012,-0.3583835838358383,split,False,True,1.2,True
267,1587,paired_14,9,-0.8218557185571855,-0.4299567995679957,-0.543660436604366,-0.5238652386523865,hit,False,True,1.2,True
268,1588,paired_14,10,-0.7904029040290403,-0.4326843268432684,-0.4974324743247432,-0.5662581625816259,hit,False,True,1.2,True
269,1589,paired_14,11,-0.596340963409634,-0.325990759907599,-0.4138641386413864,-0.4728097280972809,hit,False,True,1.2,True
270,1590,paired_12,2,-0.4939049390493905,-0.2540525405254052,-0.2845128451284512,-0.2066345663456634,split,False,True,1.2,True
271,1591,paired_12,3,-0.476049760497605,-0.2356548565485655,-0.2461224612246122,-0.1187361873618736,split,False,True,1.2,True
272,1592,paired_12,4,-0.4530320303203032,-0.2136171361713617,-0.2089970899708997,-0.043130431304313,split,False,True,1.2,True
273,1593,paired_12,5,-0.4275092750927509,-0.1927419274192742,-0.1632316323163231,0.0404229042290422,split,False,True,1.2,True
274,1594,paired_12,6,-0.4152641526415264,-0.1721017210172101,-0.1216662166621666,0.1165161651616516,split,False,True,1.2,True
275,1595,paired_12,7,-0.4523770237702377,-0.2146096460964609,-0.4750647506475065,-0.2421449214492144,hit,False,True,1.2,True
276,1596,paired_12,8,-0.5067525675256752,-0.271680216802168,-0.5084650846508465,-0.3893588935889359,hit,False,True,1.2,True
277,1597,paired_12,9,-0.5780732807328073,-0.3385083850838508,-0.543460434604346,-0.5499529995299953,hit,False,True,1.2,True
278,1598,paired_12,10,-0.5686281862818628,-0.3520960209602096,-0.4980374803748037,-0.6165761657616576,hit,False,True,1.2,True
279,1599,paired_12,11,-0.4327143271432714,-0.26380013800138,-0.4146016460164601,-0.4664271642716427,hit,False,True,1.2,True
280,1600,paired_10,2,0.2465949659496595,0.1802468024680246,-0.2864128641286413,-0.2685426854268543,double,False,True,1.2,True
281,1601,paired_10,3,0.273990239902399,0.2060445604456044,-0.2455474554745547,-0.1920744207442074,double,False,True,1.2,True
282,1602,paired_10,4,0.299640496404964,0.2305948059480594,-0.2069320693206932,-0.0993259932599326,double,False,True,1.2,True
283,1603,paired_10,5,0.3227432274322743,0.256350063500635,-0.1642616426164261,-0.0217752177521775,double,False,True,1.2,True
284,1604,paired_10,6,0.3509310093100931,0.2841578415784158,-0.1202712027120271,0.0576830768307683,double,False,True,1.2,True
285,1605,paired_10,7,0.3304508045080451,0.2578325783257832,-0.4749197491974919,-0.2666226662266622,double,False,True,1.2,True
286,1606,paired_10,8,0.2696751967519675,0.1961894618946189,-0.5089750897508976,-0.4122591225912259,double,False,True,1.2,True
287,1607,paired_10,9,0.1863493634936349,0.1146211462114621,-0.5446754467544676,-0.5867008670086701,double,False,True,1.2,True
288,1608,paired_10,10,0.0895933959339593,0.024040240402404,-0.4972549725497255,-0.6273537735377354,double,False,True,1.2,True
289,1609,paired_10,11,0.0722357223572235,0.0236577365773657,-0.4129891298912989,-0.4747547475474755,double,False,True,1.2,True
290,1610,paired_8,2,0.0002325023250232,0.002320023200232,-0.2879878798787988,-0.1873043730437304,hit,False,True,1.2,True
291,1611,paired_8,3,0.0331078310783107,0.0312778127781277,-0.2483224832248322,-0.1126886268862688,double,False,True,1.2,True
292,1612,paired_8,4,0.0637981379813798,0.0635756357563575,-0.2059320593205932,-0.0384153841538415,double,False,True,1.2,True
293,1613,paired_8,5,0.0945234452344523,0.0954484544845448,-0.1651166511665116,0.0560930609306093,hit,False,True,1.2,True
294,1614,paired_8,6,0.1187436874368743,0.1180636806368063,-0.1217462174621746,0.1307938079380793,split,False,True,1.2,True
295,1615,paired_8,7,0.1105736057360573,0.1081685816858168,-0.4749447494474945,-0.1443514435144351,double,False,True,1.2,True
296,1616,paired_8,8,-0.031330313303133,-0.0317053170531705,-0.508970089700897,-0.2812878128781287,double,False,True,1.2,True
297,1617,paired_8,9,-0.1810268102681027,-0.1816343163431634,-0.5409904099040991,-0.4480044800448004,double,False,True,1.2,True
298,1618,paired_8,10,-0.2066370663706637,-0.2101521015210152,-0.4984349843498435,-0.5306528065280652,double,False,True,1.2,True
299,1619,paired_8,11,-0.1657791577915779,-0.1667691676916769,-0.4122041220412204,-0.3996864968649686,double,False,True,1.2,True
300,1620,paired_6,2,-0.1083210832108321,-0.1111511115111151,-0.2875028750287502,-0.1265162651626516,double,False,True,1.2,True
301,1621,paired_6,3,-0.0659281592815928,-0.0709232092320923,-0.2437574375743757,-0.0542180421804218,split,False,True,1.2,True
302,1622,paired_6,4,-0.0332828328283282,-0.03520035200352,-0.2083920839208392,0.0162351623516235,split,False,True,1.2,True
303,1623,paired_6,5,0.0022975229752297,0.0014675146751467,-0.1631466314663146,0.0949359493594936,split,False,True,1.2,True
304,1624,paired_6,6,0.0400679006790067,0.0382728827288272,-0.1204262042620426,0.1892568925689257,split,False,True,1.2,True
305,1625,paired_6,7,-0.1179986799867998,-0.1175986759867598,-0.4759347593475935,-0.0215177151771517,split,False,True,1.2,True
306,1626,paired_6,8,-0.1870268702687026,-0.1842393423934239,-0.510780107801078,-0.1828368283682837,split,False,True,1.2,True
307,1627,paired_6,9,-0.2579450794507945,-0.2592775927759277,-0.5428604286042861,-0.3621236212362124,double,False,True,1.2,True
308,1628,paired_6,10,-0.2864553645536455,-0.2881778817788178,-0.4985174851748517,-0.4533970339703397,double,False,True,1.2,True
309,1629,paired_6,11,-0.2192771927719277,-0.2199196991969919,-0.4135766357663576,-0.3481034810348103,double,False,True,1.2,True
310,1630,paired_4,2,-0.0779832798327983,-0.077880778807788,-0.2857128571285713,-0.0649081490814908,split,False,True,1.2,True
311,1631,paired_4,3,-0.0463729637296373,-0.045740457404574,-0.2439274392743927,-0.010970109701097,split,False,True,1.2,True
312,1632,paired_4,4,-0.0095475954759547,-0.010070100701007,-0.2080920809208092,0.0524555245552455,split,False,True,1.2,True
313,1633,paired_4,5,0.029520295202952,0.0342878428784287,-0.1652766527665276,0.1317563175631756,split,False,True,1.2,True
314,1634,paired_4,6,0.0650281502815028,0.0660381603816038,-0.1201462014620146,0.2034245342453424,split,False,True,1.2,True
315,1635,paired_4,7,-0.0545930459304593,-0.0500280002800028,-0.475349753497535,0.047190471904719,split,False,True,1.2,True
316,1636,paired_4,8,-0.1268662686626866,-0.1224112241122411,-0.5093850938509386,-0.1231962319623196,hit,False,True,1.2,True
317,1637,paired_4,9,-0.2042495424954249,-0.2019770197701977,-0.541790417904179,-0.3111731117311173,hit,False,True,1.2,True
318,1638,paired_4,10,-0.236589865898659,-0.2365698656986569,-0.49819998199982,-0.4084390843908439,hit,False,True,1.2,True
319,1639,paired_4,11,-0.1816118161181611,-0.1834693346933469,-0.4152916529165291,-0.3134081340813408,double,False,True,1.2,True
320,1640,paired_aces,2,0.1464539645396454,0.0807183071830718,-0.2892128921289212,1.3075430754307542,split,False,True,1.2,True
321,1641,paired_aces,3,0.1823968239682396,0.1137111371113711,-0.2436074360743607,1.3655874058740587,split,False,True,1.2,True
322,1642,paired_aces,4,0.2101321013210132,0.1404089040890409,-0.2059620596205962,1.4186654366543665,split,False,True,1.2,True
323,1643,paired_aces,5,0.2454674546745467,0.1784792847928479,-0.1648466484664846,1.4725072250722506,split,False,True,1.2,True
324,1644,paired_aces,6,0.2651676516765168,0.1980744807448074,-0.1216012160121601,1.4825923259232592,split,False,True,1.2,True
325,1645,paired_aces,7,0.2383173831738317,0.1672241722417224,-0.476039760397604,1.4653421534215345,split,False,True,1.2,True
326,1646,paired_aces,8,0.1641691416914169,0.0983759837598376,-0.5095150951509515,1.3419671696716968,split,False,True,1.2,True
327,1647,paired_aces,9,0.0725157251572515,-0.0004725047250472,-0.5427454274542746,1.1624016240162405,split,False,True,1.2,True
328,1648,paired_aces,10,0.0048575485754857,-0.063870638706387,-0.498679986799868,0.9437094370943708,split,False,True,1.2,True
329,1649,paired_aces,11,0.0039250392503925,-0.0470954709547095,-0.4108641086410864,0.7286797867978679,split,False,True,1.2,True
0,990,20,2,-1.7099520995209951,-0.8549760497604976,0.6376988769887699,,stand,False,False,1.5,True
1,991,20,3,-1.7071220712207122,-0.8535610356103561,0.6473889738897389,,stand,False,False,1.5,True
2,992,20,4,-1.7027170271702716,-0.8513585135851358,0.658359083590836,,stand,False,False,1.5,True
3,993,20,5,-1.7066620666206662,-0.8533310333103331,0.6694516945169452,,stand,False,False,1.5,True
4,994,20,6,-1.7034120341203411,-0.8517060170601706,0.7010620106201062,,stand,False,False,1.5,True
5,995,20,7,-1.701782017820178,-0.8508910089100891,0.7706827068270683,,stand,False,False,1.5,True
6,996,20,8,-1.6988869888698888,-0.8494434944349444,0.7893578935789358,,stand,False,False,1.5,True
7,997,20,9,-1.6997319973199732,-0.8498659986599866,0.7577150771507715,,stand,False,False,1.5,True
8,998,20,10,-1.7186671866718668,-0.8593335933359334,0.4380868808688087,,stand,False,False,1.5,True
9,999,20,11,-1.7991929919299192,-0.8995964959649596,0.1547390473904739,,stand,False,False,1.5,True
10,1000,19,2,-1.4579245792457924,-0.7285272852728527,0.3844338443384434,,stand,False,False,1.5,True
11,1001,19,3,-1.454609546095461,-0.7277247772477725,0.4068715687156871,,stand,False,False,1.5,True
12,1002,19,4,-1.4531845318453185,-0.725129751297513,0.4224442244422444,,stand,False,False,1.5,True
13,1003,19,5,-1.4500445004450044,-0.7248772487724877,0.4344393443934439,,stand,False,False,1.5,True
14,1004,19,6,-1.4434344343443437,-0.7215272152721527,0.4948874488744887,,stand,False,False,1.5,True
15,1005,19,7,-1.4302693026930269,-0.7156446564465645,0.6166861668616687,,stand,False,False,1.5,True
16,1006,19,8,-1.4266342663426634,-0.7132096320963209,0.5953459534595346,,stand,False,False,1.5,True
17,1007,19,9,-1.4268292682926829,-0.7155646556465565,0.288460384603846,,stand,False,False,1.5,True
18,1008,19,10,-1.3477884778847788,-0.6731917319173192,0.058410584105841,,stand,False,False,1.5,True
19,1009,19,11,-1.002840028400284,-0.502980029800298,0.1920894208942089,,stand,False,False,1.5,True
20,1010,18,2,-1.2430124301243013,-0.6223337233372334,0.1226687266872668,,stand,False,False,1.5,True
21,1011,18,3,-1.2378873788737887,-0.6203612036120362,0.1439564395643956,,stand,False,False,1.5,True
22,1012,18,4,-1.2328773287732877,-0.6178286782867829,0.1743817438174381,,stand,False,False,1.5,True
23,1013,18,5,-1.2310023100231002,-0.6154336543365434,0.1992194921949219,,stand,False,False,1.5,True
24,1014,18,6,-1.2142971429714298,-0.6091835918359184,0.2833978339783398,,stand,False,False,1.5,True
25,1015,18,7,-1.1848868488684887,-0.5920534205342053,0.3991389913899139,,stand,False,False,1.5,True
26,1016,18,8,-1.1820468204682046,-0.5915509155091551,0.1077860778607786,,stand,False,False,1.5,True
27,1017,18,9,-1.2275722757227572,-0.6160511605116051,-0.1828593285932859,,stand,False,False,1.5,True
28,1018,18,10,-1.19560195601956,-0.5954084540845408,-0.1615116151161511,,stand,False,False,1.5,True
29,1019,18,11,-0.8713087130871309,-0.4330043300433004,-0.0688731887318873,,stand,False,False,1.5,True
30,1020,17,2,-1.072180721807218,-0.5355478554785548,-0.1543790437904379,,stand,False,False,1.5,True
31,1021,17,3,-1.0603306033060331,-0.5286752867528676,-0.1148061480614806,,stand,False,False,1.5,True
32,1022,17,4,-1.055280552805528,-0.5274802748027481,-0.0809183091830918,,stand,False,False,1.5,True
33,1023,17,5,-1.0485554855548556,-0.5230052300523005,-0.043410434104341,,stand,False,False,1.5,True
34,1024,17,6,-1.015860158601586,-0.5103276032760328,0.0117776177761777,,stand,False,False,1.5,True
35,1025,17,7,-0.971479714797148,-0.4815673156731567,-0.1067285672856728,,stand,False,False,1.5,True
36,1026,17,8,-1.0114151141511416,-0.5059650596505965,-0.3816438164381643,,stand,False,False,1.5,True
37,1027,17,9,-1.1041060410604109,-0.5526355263552636,-0.4218267182671826,,stand,False,False,1.5,True
38,1028,17,10,-1.0789057890578906,-0.5414729147291473,-0.3863513635136351,,stand,False,False,1.5,True
39,1029,17,11,-0.7689076890768908,-0.3857713577135771,-0.3317658176581766,,stand,False,False,1.5,True
40,1030,16,2,-0.9408244082440824,-0.4723097230972309,-0.2931829318293183,,stand,False,False,1.5,True
41,1031,16,3,-0.9280842808428084,-0.4635696356963569,-0.2513525135251352,,stand,False,False,1.5,True
42,1032,16,4,-0.9120341203412036,-0.4575370753707537,-0.2120821208212082,,stand,False,False,1.5,True
43,1033,16,5,-0.8997239972399724,-0.4497719977199772,-0.1687466874668746,,stand,False,False,1.5,True
44,1034,16,6,-0.8641036410364104,-0.4305968059680596,-0.1573465734657346,,stand,False,False,1.5,True
45,1035,16,7,-0.8261232612326124,-0.4151116511165111,-0.4759447594475944,,hit,False,False,1.5,True
46,1036,16,8,-0.9164291642916428,-0.4598345983459834,-0.510070100701007,,hit,False,False,1.5,True
47,1037,16,9,-1.01740017400174,-0.5093925939259393,-0.544560445604456,,hit,False,False,1.5,True
48,1038,16,10,-0.9974249742497424,-0.4992949929499295,-0.498639986399864,,stand,False,False,1.5,True
49,1039,16,11,-0.7164371643716437,-0.3588285882858829,-0.4613846138461384,,hit,False,False,1.5,True
50,1040,15,2,-0.8344283442834428,-0.4167616676166761,-0.2939829398293982,,stand,False,False,1.5,True
51,1041,15,3,-0.8127331273312733,-0.4045415454154542,-0.2529275292752928,,stand,False,False,1.5,True
52,1042,15,4,-0.7889378893788938,-0.3939339393393934,-0.2082570825708257,,stand,False,False,1.5,True
53,1043,15,5,-0.7641526415264153,-0.3856588565885659,-0.1663666636666366,,stand,False,False,1.5,True
54,1044,15,6,-0.7315073150731507,-0.3641186411864118,-0.1537265372653726,,stand,False,False,1.5,True
55,1045,15,7,-0.7457724577245772,-0.3666661666616666,-0.4752447524475244,,hit,False,False,1.5,True
56,1046,15,8,-0.8406534065340654,-0.4156716567165671,-0.5137851378513785,,hit,False,False,1.5,True
57,1047,15,9,-0.9464944649446494,-0.4698996989969899,-0.5454454544545445,,hit,False,False,1.5,True
58,1048,15,10,-0.9303243032430324,-0.466449664496645,-0.4974774747747477,,hit,False,False,1.5,True
59,1049,15,11,-0.6786367863678637,-0.3338258382583826,-0.4600096000960009,,hit,False,False,1.5,True
60,1050,14,2,-0.7249472494724947,-0.3632886328863288,-0.2928179281792818,,stand,False,False,1.5,True
61,1051,14,3,-0.6932769327693277,-0.349370993709937,-0.2523225232252322,,stand,False,False,1.5,True
62,1052,14,4,-0.6685816858168582,-0.3368108681086811,-0.2105771057710577,,stand,False,False,1.5,True
63,1053,14,5,-0.6445664456644566,-0.3207332073320733,-0.1659616596165961,,stand,False,False,1.5,True
64,1054,14,6,-0.5985159851598516,-0.2953729537295373,-0.1527465274652746,,stand,False,False,1.5,True
65,1055,14,7,-0.6659116591165911,-0.3198731987319873,-0.4742047420474204,,hit,False,False,1.5,True
66,1056,14,8,-0.7645476454764548,-0.3704787047870478,-0.5105201052010521,,hit,False,False,1.5,True
67,1057,14,9,-0.8745287452874528,-0.4325993259932599,-0.5406754067540676,,hit,False,False,1.5,True
68,1058,14,10,-0.8683086830868308,-0.4330793307933079,-0.496409964099641,,hit,False,False,1.5,True
69,1059,14,11,-0.6470464704647046,-0.3052680526805268,-0.4600796007960079,,hit,False,False,1.5,True
70,1060,13,2,-0.6157161571615716,-0.3071530715307153,-0.2901029010290102,,stand,False,False,1.5,True
71,1061,13,3,-0.5821808218082181,-0.2920729207292073,-0.2514875148751487,,stand,False,False,1.5,True
72,1062,13,4,-0.5458954589545896,-0.2718727187271872,-0.2122121221212212,,stand,False,False,1.5,True
73,1063,13,5,-0.5141351413514135,-0.2546750467504675,-0.1650766507665076,,stand,False,False,1.5,True
74,1064,13,6,-0.4657696576965769,-0.2324748247482475,-0.1535415354153541,,stand,False,False,1.5,True
75,1065,13,7,-0.58680086800868,-0.2670326703267032,-0.4744047440474405,,hit,False,False,1.5,True
76,1066,13,8,-0.6865818658186582,-0.3236632366323663,-0.5118651186511866,,hit,False,False,1.5,True
77,1067,13,9,-0.8107781077810778,-0.3871413714137141,-0.5409854098540985,,hit,False,False,1.5,True
78,1068,13,10,-0.7997179971799718,-0.3912864128641286,-0.497059970599706,,hit,False,False,1.5,True
79,1069,13,11,-0.6111261112611126,-0.2758352583525835,-0.4621346213462134,,hit,False,False,1.5,True
80,1070,12,2,-0.5049050490504905,-0.2533350333503335,-0.2933979339793398,,hit,False,False,1.5,True
81,1071,12,3,-0.4615296152961529,-0.2330648306483065,-0.2518125181251812,,hit,False,False,1.5,True
82,1072,12,4,-0.4262942629426294,-0.2097420974209742,-0.2098920989209892,,hit,False,False,1.5,True
83,1073,12,5,-0.3869388693886939,-0.1900744007440074,-0.1649916499164991,,stand,False,False,1.5,True
84,1074,12,6,-0.3431934319343193,-0.1714892148921489,-0.1539365393653936,,stand,False,False,1.5,True
85,1075,12,7,-0.500780007800078,-0.2121346213462134,-0.474989749897499,,hit,False,False,1.5,True
86,1076,12,8,-0.6176061760617606,-0.2731577315773157,-0.508380083800838,,hit,False,False,1.5,True
87,1077,12,9,-0.7377423774237742,-0.3379783797837978,-0.5421954219542195,,hit,False,False,1.5,True
88,1078,12,10,-0.7327023270232702,-0.3542960429604296,-0.4958474584745847,,hit,False,False,1.5,True
89,1079,12,11,-0.5752857528575286,-0.2444774447744477,-0.4602996029960299,,hit,False,False,1.5,True
90,1080,11,2,0.4707847078470785,0.2399373993739937,-0.2933379333793338,,double,False,False,1.5,True
91,1081,11,3,0.5242452424524245,0.2604026040260402,-0.2522775227752277,,double,False,False,1.5,True
92,1082,11,4,0.5675356753567535,0.2816053160531605,-0.2100821008210082,,double,False,False,1.5,True
93,1083,11,5,0.6141461414614147,0.3086880868808688,-0.1676816768167681,,double,False,False,1.5,True
94,1084,11,6,0.6673616736167362,0.3329933299332993,-0.1546365463654636,,double,False,False,1.5,True
95,1085,11,7,0.469439694396944,0.2888378883788838,-0.4752997529975299,,double,False,False,1.5,True
96,1086,11,8,0.3522285222852228,0.2326073260732607,-0.509110091100911,,double,False,False,1.5,True
97,1087,11,9,0.2220572205722057,0.1557590575905759,-0.5454454544545445,,double,False,False,1.5,True
98,1088,11,10,0.1550715507155071,0.1087460874608746,-0.4977849778497785,,double,False,False,1.5,True
99,1089,11,11,0.077680776807768,0.0993234932349323,-0.4591470914709147,,hit,False,False,1.5,True
100,1090,10,2,0.3636636366363663,0.1843843438434384,-0.2921279212792128,,double,False,False,1.5,True
101,1091,10,3,0.4082490824908249,0.2102046020460204,-0.2495624956249562,,double,False,False,1.5,True
102,1092,10,4,0.4594445944459444,0.2324673246732467,-0.2088520885208852,,double,False,False,1.5,True
103,1093,10,5,0.5149301493014931,0.2580050800508005,-0.1653366533665336,,double,False,False,1.5,True
104,1094,10,6,0.5771507715077151,0.2877153771537715,-0.1541215412154121,,double,False,False,1.5,True
105,1095,10,7,0.3853238532385324,0.257320073200732,-0.477059770597706,,double,False,False,1.5,True
106,1096,10,8,0.2872378723787238,0.1996119961199612,-0.5125351253512536,,double,False,False,1.5,True
107,1097,10,9,0.1416564165641656,0.1172061720617206,-0.5418354183541836,,double,False,False,1.5,True
108,1098,10,10,-0.0066750667506675,0.0245677456774567,-0.497249972499725,,hit,False,False,1.5,True
109,1099,10,11,-0.0078350783507835,0.057610576105761,-0.4612821128211282,,hit,False,False,1.5,True
110,1100,soft_20,2,0.3573185731857318,0.1811293112931129,0.6371963719637196,,stand,False,False,1.5,True
111,1101,soft_20,3,0.4142591425914259,0.2076970769707697,0.6509615096150961,,stand,False,False,1.5,True
112,1102,soft_20,4,0.4591245912459125,0.2306423064230642,0.6599015990159902,,stand,False,False,1.5,True
113,1103,soft_20,5,0.510420104201042,0.2577625776257762,0.6731517315173152,,stand,False,False,1.5,True
114,1104,soft_20,6,0.5790007900079001,0.288150381503815,0.7040370403704037,,stand,False,False,1.5,True
115,1105,soft_20,7,0.3922439224392244,0.256020060200602,0.7722277222772228,,stand,False,False,1.5,True
116,1106,soft_20,8,0.2892178921789218,0.1955819558195582,0.7914029140291403,,stand,False,False,1.5,True
117,1107,soft_20,9,0.1419164191641916,0.1165411654116541,0.7568725687256873,,stand,False,False,1.5,True
118,1108,soft_20,10,-0.0070000700007,0.023460234602346,0.5125451254512545,,stand,False,False,1.5,True
119,1109,soft_20,11,-0.0051050510505105,0.0586255862558625,0.453829538295383,,stand,False,False,1.5,True
120,1110,soft_19,2,0.2403974039740397,0.1233812338123381,0.3841888418884189,,stand,False,False,1.5,True
121,1111,soft_19,3,0.2962129621296213,0.1515390153901539,0.4037715377153771,,stand,False,False,1.5,True
122,1112,soft_19,4,0.3536835368353683,0.1737592375923759,0.4228092280922809,,stand,False,False,1.5,True
123,1113,soft_19,5,0.4025440254402544,0.2059095590955909,0.4392118921189212,,stand,False,False,1.5,True
124,1114,soft_19,6,0.477029770297703,0.2366373663736637,0.4975124751247513,,stand,False,False,1.5,True
125,1115,soft_19,7,0.3226532265322653,0.2202847028470284,0.6167436674366744,,stand,False,False,1.5,True
126,1116,soft_19,8,0.1932119321193212,0.1512140121401214,0.5939384393843938,,stand,False,False,1.5,True
127,1117,soft_19,9,-0.069820698206982,0.0064975649756497,0.2874128741287413,,stand,False,False,1.5,True
128,1118,soft_19,10,-0.2126821268212682,-0.0802283022830228,0.059130591305913,,stand,False,False,1.5,True
129,1119,soft_19,11,-0.1299362993629936,-0.0033675336753367,0.1908369083690836,,stand,False,False,1.5,True
130,1120,soft_18,2,0.1181661816618166,0.0630231302313023,0.1212762127621276,,stand,False,False,1.5,True
131,1121,soft_18,3,0.1781467814678146,0.0908359083590835,0.1470289702897029,,double,False,False,1.5,True
132,1122,soft_18,4,0.2361273612736127,0.1178761787617876,0.1757742577425774,,double,False,False,1.5,True
133,1123,soft_18,5,0.2948079480794808,0.1477714777147771,0.1990694906949069,,double,False,False,1.5,True
134,1124,soft_18,6,0.3793387933879338,0.1917419174191741,0.2830753307533075,,double,False,False,1.5,True
135,1125,soft_18,7,0.2132321323213232,0.1700792007920079,0.3996589965899659,,stand,False,False,1.5,True
136,1126,soft_18,8,-0.0292252922529225,0.0402154021540215,0.1095810958109581,,stand,False,False,1.5,True
137,1127,soft_18,9,-0.2851428514285143,-0.1000535005350053,-0.1821718217182172,,hit,False,False,1.5,True
138,1128,soft_18,10,-0.3159831598315983,-0.1321238212382123,-0.1653366533665336,,hit,False,False,1.5,True
139,1129,soft_18,11,-0.2490624906249062,-0.06570065700657,-0.0714557145571455,,hit,False,False,1.5,True
140,1130,soft_17,2,-0.0067650676506765,0.0001425014250142,-0.1519340193401934,,hit,False,False,1.5,True
141,1131,soft_17,3,0.053230532305323,0.0314828148281482,-0.1186311863118631,,double,False,False,1.5,True
142,1132,soft_17,4,0.1198211982119821,0.061410614106141,-0.0824658246582465,,double,False,False,1.5,True
143,1133,soft_17,5,0.1816118161181611,0.0970959709597096,-0.043490434904349,,double,False,False,1.5,True
144,1134,soft_17,6,0.2526075260752607,0.1330038300383003,0.0116476164761647,,double,False,False,1.5,True
145,1135,soft_17,7,-0.012410124101241,0.0544380443804438,-0.1076285762857628,,hit,False,False,1.5,True
146,1136,soft_17,8,-0.2480924809248092,-0.0776282762827628,-0.3846438464384644,,hit,False,False,1.5,True
147,1137,soft_17,9,-0.4013290132901329,-0.1515515155151551,-0.4222092220922209,,hit,False,False,1.5,True
148,1138,soft_17,10,-0.4227492274922749,-0.1826068260682606,-0.3858088580885809,,hit,False,False,1.5,True
149,1139,soft_17,11,-0.3679036790367904,-0.1247962479624796,-0.3314333143331433,,hit,False,False,1.5,True
150,1140,soft_16,2,-0.0768257682576825,-0.021150211502115,-0.2938679386793868,,hit,False,False,1.5,True
151,1141,soft_16,3,-0.006240062400624,0.0106251062510625,-0.2541225412254123,,hit,False,False,1.5,True
152,1142,soft_16,4,0.0534655346553465,0.0457154571545715,-0.2116221162211622,,double,False,False,1.5,True
153,1143,soft_16,5,0.1280012800128001,0.0885833858338583,-0.1679716797167971,,double,False,False,1.5,True
154,1144,soft_16,6,0.1792717927179271,0.1118986189861898,-0.1499114991149911,,double,False,False,1.5,True
155,1145,soft_16,7,-0.1855118551185511,-0.0031375313753137,-0.4747347473474734,,hit,False,False,1.5,True
156,1146,soft_16,8,-0.3144881448814488,-0.066620666206662,-0.51080010800108,,hit,False,False,1.5,True
157,1147,soft_16,9,-0.4576195761957619,-0.1445264452644526,-0.540750407504075,,hit,False,False,1.5,True
158,1148,soft_16,10,-0.4748497484974849,-0.1913794137941379,-0.4970424704247042,,hit,False,False,1.5,True
159,1149,soft_16,11,-0.4290792907929079,-0.1136511365113651,-0.4615571155711557,,hit,False,False,1.5,True
160,1150,soft_15,2,-0.073280732807328,-0.002380023800238,-0.2925079250792508,,hit,False,False,1.5,True
161,1151,soft_15,3,-0.0056650566505665,0.0324178241782417,-0.2498974989749897,,hit,False,False,1.5,True
162,1152,soft_15,4,0.0529055290552905,0.066250662506625,-0.2094870948709487,,hit,False,False,1.5,True
163,1153,soft_15,5,0.1239512395123951,0.1098960989609896,-0.1654366543665436,,double,False,False,1.5,True
164,1154,soft_15,6,0.1838418384183842,0.1383188831888319,-0.1544965449654496,,double,False,False,1.5,True
165,1155,soft_15,7,-0.1780617806178061,0.0374178741787417,-0.4760897608976089,,hit,False,False,1.5,True
166,1156,soft_15,8,-0.3167531675316753,-0.025460254602546,-0.509340093400934,,hit,False,False,1.5,True
167,1157,soft_15,9,-0.449129491294913,-0.1136611366113661,-0.5448054480544805,,hit,False,False,1.5,True
168,1158,soft_15,10,-0.4725997259972599,-0.1605791057910579,-0.4960324603246032,,hit,False,False,1.5,True
169,1159,soft_15,11,-0.4316243162431624,-0.0918859188591885,-0.4613271132711327,,hit,False,False,1.5,True
170,1160,soft_14,2,-0.0745057450574505,0.0205252052520525,-0.2940679406794068,,hit,False,False,1.5,True
171,1161,soft_14,3,-0.007110071100711,0.0565355653556535,-0.2512825128251282,,hit,False,False,1.5,True
172,1162,soft_14,4,0.054730547305473,0.0927059270592706,-0.2117271172711727,,hit,False,False,1.5,True
173,1163,soft_14,5,0.1218962189621896,0.1305988059880598,-0.1691166911669116,,hit,False,False,1.5,True
174,1164,soft_14,6,0.1858368583685836,0.1669541695416954,-0.1532015320153201,,double,False,False,1.5,True
175,1165,soft_14,7,-0.1833418334183341,0.0816733167331673,-0.4747047470474704,,hit,False,False,1.5,True
176,1166,soft_14,8,-0.3152181521815218,0.0128826288262882,-0.507850078500785,,hit,False,False,1.5,True
177,1167,soft_14,9,-0.4473294732947329,-0.0747882478824788,-0.542340423404234,,hit,False,False,1.5,True
178,1168,soft_14,10,-0.4758297582975829,-0.1291287912879128,-0.4988624886248862,,hit,False,False,1.5,True
179,1169,soft_14,11,-0.4355793557935579,-0.0644531445314453,-0.462029620296203,,hit,False,False,1.5,True
180,1170,soft_13,2,-0.0780057800578005,0.0442829428294282,-0.2929179291792917,,hit,False,False,1.5,True
181,1171,soft_13,3,-0.0103851038510385,0.080870808708087,-0.2521525215252153,,hit,False,False,1.5,True
182,1172,soft_13,4,0.0532155321553215,0.1126236262362623,-0.2101471014710147,,hit,False,False,1.5,True
183,1173,soft_13,5,0.1253412534125341,0.1581565815658156,-0.1666316663166631,,hit,False,False,1.5,True
184,1174,soft_13,6,0.1813168131681316,0.1903394033940339,-0.1553365533655336,,hit,False,False,1.5,True
185,1175,soft_13,7,-0.1791567915679156,0.1208612086120861,-0.4742447424474245,,hit,False,False,1.5,True
186,1176,soft_13,8,-0.3099230992309923,0.054840548405484,-0.5085350853508535,,hit,False,False,1.5,True
187,1177,soft_13,9,-0.4588345883458835,-0.0387628876288762,-0.5432654326543266,,hit,False,False,1.5,True
188,1178,soft_13,10,-0.4718397183971839,-0.0956684566845668,-0.4993574935749357,,hit,False,False,1.5,True
189,1179,soft_13,11,-0.4352193521935219,-0.0400229002290022,-0.4624496244962449,,hit,False,False,1.5,True
190,1180,9,2,0.0627556275562755,0.0933184331843318,-0.2954729547295473,,hit,False,False,1.5,True
191,1181,9,3,0.1214012140121401,0.1206812068120681,-0.2535525355253552,,double,False,False,1.5,True
192,1182,9,4,0.1827718277182771,0.1526140261402614,-0.2084220842208422,,double,False,False,1.5,True
193,1183,9,5,0.2448174481744817,0.1831018310183101,-0.1671416714167141,,double,False,False,1.5,True
194,1184,9,6,0.3154231542315423,0.2195996959969599,-0.1554565545655456,,double,False,False,1.5,True
195,1185,9,7,0.1096010960109601,0.1865868658686587,-0.4729347293472934,,hit,False,False,1.5,True
196,1186,9,8,-0.032860328603286,0.1053610536105361,-0.513680136801368,,hit,False,False,1.5,True
197,1187,9,9,-0.3007580075800758,-0.045120451204512,-0.5393653936539365,,hit,False,False,1.5,True
198,1188,9,10,-0.4209442094420944,-0.1350813508135081,-0.5009450094500945,,hit,False,False,1.5,True
199,1189,9,11,-0.3002730027300273,-0.0459154591545915,-0.4597920979209792,,hit,False,False,1.5,True
200,1190,8,2,-0.2034720347203472,0.0119326193261932,-0.2936179361793617,,hit,False,False,1.5,True
201,1191,8,3,-0.1361813618136181,0.0458029580295802,-0.2521675216752168,,hit,False,False,1.5,True
202,1192,8,4,-0.06740067400674,0.0816358163581635,-0.2119921199211992,,hit,False,False,1.5,True
203,1193,8,5,0.0008750087500875,0.1142686426864268,-0.1656916569165691,,hit,False,False,1.5,True
204,1194,8,6,0.086730867308673,0.1634266342663426,-0.1554815548155481,,hit,False,False,1.5,True
205,1195,8,7,-0.1895818958189581,0.1056185561855618,-0.4763097630976309,,hit,False,False,1.5,True
206,1196,8,8,-0.452339523395234,-0.0408254082540825,-0.509590095900959,,hit,False,False,1.5,True
207,1197,8,9,-0.7205372053720537,-0.1984269842698427,-0.5410804108041081,,hit,False,False,1.5,True
208,1198,8,10,-0.6845318453184532,-0.2254547545475455,-0.4998924989249892,,hit,False,False,1.5,True
209,1199,8,11,-0.554640546405464,-0.1359363593635936,-0.4614546145461454,,hit,False,False,1.5,True
210,1200,7,2,-0.4378293782937829,-0.0759232592325923,-0.2935579355793558,,hit,False,False,1.5,True
211,1201,7,3,-0.3577835778357783,-0.0375353753537535,-0.2494924949249492,,hit,False,False,1.5,True
212,1202,7,4,-0.2830378303783037,0.004340043400434,-0.2078770787707877,,hit,False,False,1.5,True
213,1203,7,5,-0.2019070190701907,0.05150051500515,-0.1685666856668566,,hit,False,False,1.5,True
214,1204,7,6,-0.1370263702637026,0.0930534305343053,-0.1510915109151091,,hit,False,False,1.5,True
215,1205,7,7,-0.588490884908849,-0.0427779277792777,-0.4772547725477254,,hit,False,False,1.5,True
216,1206,7,8,-0.8489134891348914,-0.1924244242442424,-0.5115951159511595,,hit,False,False,1.5,True
217,1207,7,9,-0.9571245712457124,-0.2772827728277283,-0.544920449204492,,hit,False,False,1.5,True
218,1208,7,10,-0.8804088040880409,-0.2911029110291103,-0.4978274782747827,,hit,False,False,1.5,True
219,1209,7,11,-0.7847328473284733,-0.2144971449714497,-0.4617821178211782,,hit,False,False,1.5,True
220,1210,6,2,-0.5699556995569955,-0.1072010720107201,-0.2946479464794648,,hit,False,False,1.5,True
221,1211,6,3,-0.4825998259982599,-0.0631781317813178,-0.2477074770747707,,hit,False,False,1.5,True
222,1212,6,4,-0.4002640026400264,-0.0222277222772227,-0.2096970969709697,,hit,False,False,1.5,True
223,1213,6,5,-0.3146381463814638,0.028140281402814,-0.1663316633166331,,hit,False,False,1.5,True
224,1214,6,6,-0.2827978279782798,0.0564730647306473,-0.1563115631156311,,hit,False,False,1.5,True
225,1215,6,7,-0.8935839358393584,-0.1273112731127311,-0.4746547465474655,,hit,False,False,1.5,True
226,1216,6,8,-1.0009050090500906,-0.1966394663946639,-0.509630096300963,,hit,False,False,1.5,True
227,1217,6,9,-1.067020670206702,-0.2805928059280593,-0.541160411604116,,hit,False,False,1.5,True
228,1218,6,10,-0.9795947959479596,-0.304660546605466,-0.498089980899809,,hit,False,False,1.5,True
229,1219,6,11,-0.8990989909899099,-0.2101221012210122,-0.4613246132461324,,hit,False,False,1.5,True
230,1220,5,2,-0.5879958799587995,-0.090620906209062,-0.2940229402294023,,hit,False,False,1.5,True
231,1221,5,3,-0.5022750227502275,-0.0525380253802538,-0.2542875428754287,,hit,False,False,1.5,True
232,1222,5,4,-0.4248442484424844,-0.0105126051260512,-0.2129121291212912,,hit,False,False,1.5,True
233,1223,5,5,-0.3456234562345623,0.0384078840788407,-0.1662916629166291,,hit,False,False,1.5,True
234,1224,5,6,-0.3083330833308333,0.0721557215572155,-0.1504715047150471,,hit,False,False,1.5,True
235,1225,5,7,-0.950669506695067,-0.0902734027340273,-0.4744547445474454,,hit,False,False,1.5,True
236,1226,5,8,-1.021760217602176,-0.1704417044170441,-0.508680086800868,,hit,False,False,1.5,True
237,1227,5,9,-1.083410834108341,-0.2582275822758227,-0.542370423704237,,hit,False,False,1.5,True
238,1228,5,10,-0.991659916599166,-0.282030320303203,-0.4975149751497515,,hit,False,False,1.5,True
239,1229,5,11,-0.9199541995419954,-0.1934919349193491,-0.4616946169461695,,hit,False,False,1.5,True
240,1230,paired_18,2,-1.3225832258322583,-0.6246737467374673,0.1118311183111831,0.1993669936699367,split,False,False,1.5,True
241,1231,paired_18,3,-1.3227957279572795,-0.6242312423124231,0.1380038800388003,0.259820098200982,split,False,False,1.5,True
242,1232,paired_18,4,-1.322140721407214,-0.6190711907119071,0.1648116481164811,0.3210132101321013,split,False,False,1.5,True
243,1233,paired_18,5,-1.317730677306773,-0.6164636646366464,0.1951494514945149,0.3822663226632266,split,False,False,1.5,True
244,1234,paired_18,6,-1.312390623906239,-0.6153861538615386,0.2235447354473544,0.4490469904699047,split,False,False,1.5,True
245,1235,paired_18,7,-1.2890778907789078,-0.5906734067340673,0.4007915079150791,0.3840363403634036,stand,False,False,1.5,True
246,1236,paired_18,8,-1.288580385803858,-0.5893258932589326,0.1063635636356363,0.264820148201482,split,False,False,1.5,True
247,1237,paired_18,9,-1.311280612806128,-0.6154211542115421,-0.1820193201932019,-0.0363778637786377,split,False,False,1.5,True
248,1238,paired_18,10,-1.2390423904239043,-0.5987959879598796,-0.1629116291162911,-0.2545250452504525,stand,False,False,1.5,True
249,1239,paired_18,11,-0.9271292712927128,-0.4435244352443524,-0.1558540585405854,-0.1742167421674216,stand,False,False,1.5,True
250,1240,paired_16,2,-1.0209977099770997,-0.473179731797318,-0.2890778907789078,0.0535230352303523,split,False,False,1.5,True
251,1241,paired_16,3,-1.0153126531265313,-0.4663446634466344,-0.2464024640246402,0.1227487274872748,split,False,False,1.5,True
252,1242,paired_16,4,-1.0017525175251754,-0.4560170601706017,-0.2073070730707307,0.1897893978939789,split,False,False,1.5,True
253,1243,paired_16,5,-0.99639996399964,-0.4505970059700597,-0.1652816528165281,0.2573650736507365,split,False,False,1.5,True
254,1244,paired_16,6,-0.989989899898999,-0.4421219212192122,-0.1220362203622036,0.328340783407834,split,False,False,1.5,True
255,1245,paired_16,7,-0.956139561395614,-0.4135516355163551,-0.473789737897379,0.3364058640586406,split,False,False,1.5,True
256,1246,paired_16,8,-1.0012725127251272,-0.4576995769957699,-0.509720097200972,0.008310083100831,split,False,False,1.5,True
257,1247,paired_16,9,-1.0512355123551236,-0.5070225702257023,-0.5408054080540805,-0.3372983729837298,split,False,False,1.5,True
258,1248,paired_16,10,-0.996869968699687,-0.4978249782497825,-0.499249992499925,-0.4104841048410484,split,False,False,1.5,True
259,1249,paired_16,11,-0.75590005900059,-0.3770212702127021,-0.4144391443914439,-0.3623636236362363,split,False,False,1.5,True
260,1250,paired_14,2,-0.7548925489254893,-0.3636911369113691,-0.2878078780787808,-0.1378063780637806,split,False,False,1.5,True
261,1251,paired_14,3,-0.7472824728247283,-0.3481334813348133,-0.2467474674746747,-0.0762382623826238,split,False,False,1.5,True
262,1252,paired_14,4,-0.727489774897749,-0.3372708727087271,-0.2076170761707617,0.004640046400464,split,False,False,1.5,True
263,1253,paired_14,5,-0.7098270982709827,-0.3196031960319603,-0.1633066330663306,0.0820033200332003,split,False,False,1.5,True
264,1254,paired_14,6,-0.6983644836448365,-0.3094055940559405,-0.1202812028120281,0.1619941199411994,split,False,False,1.5,True
265,1255,paired_14,7,-0.7152746527465275,-0.3194206942069421,-0.4764697646976469,-0.0296552965529655,split,False,False,1.5,True
266,1256,paired_14,8,-0.762220122201222,-0.3711887118871189,-0.5078450784507845,-0.3558035580355803,split,False,False,1.5,True
267,1257,paired_14,9,-0.8174131741317413,-0.4300368003680037,-0.5421554215542156,-0.5277077770777707,hit,False,False,1.5,True
268,1258,paired_14,10,-0.7863728637286372,-0.4289167891678916,-0.500480004800048,-0.5616956169561695,hit,False,False,1.5,True
269,1259,paired_14,11,-0.5938959389593896,-0.3262607626076261,-0.4128316283162832,-0.5140526405264053,hit,False,False,1.5,True
270,1260,paired_12,2,-0.4963124631246312,-0.254310043100431,-0.2844278442784428,-0.2096220962209622,split,False,False,1.5,True
271,1261,paired_12,3,-0.4724172241722417,-0.2305973059730597,-0.2464674646746467,-0.1149661496614966,split,False,False,1.5,True
272,1262,paired_12,4,-0.4521045210452104,-0.2119521195211952,-0.2062570625706257,-0.0493529935299353,split,False,False,1.5,True
273,1263,paired_12,5,-0.4305268052680527,-0.1915644156441564,-0.1651716517165171,0.0361053610536105,split,False,False,1.5,True
274,1264,paired_12,6,-0.4071840718407184,-0.1684366843668436,-0.1186361863618636,0.1173261732617326,split,False,False,1.5,True
275,1265,paired_12,7,-0.4508095080950809,-0.2133246332463324,-0.4766447664476644,-0.2432124321243212,hit,False,False,1.5,True
276,1266,paired_12,8,-0.5102351023510235,-0.2709327093270933,-0.5076550765507655,-0.3855713557135571,hit,False,False,1.5,True
277,1267,paired_12,9,-0.5785032850328503,-0.3414709147091471,-0.542930429304293,-0.55670056700567,hit,False,False,1.5,True
278,1268,paired_12,10,-0.5654231542315423,-0.3517535175351753,-0.4974174741747417,-0.6156586565865658,hit,False,False,1.5,True
279,1269,paired_12,11,-0.4349643496434964,-0.2685751857518575,-0.4124166241662416,-0.5050625506255062,hit,False,False,1.5,True
280,1270,paired_10,2,0.2487724877248772,0.1826818268182682,-0.2861828618286183,-0.2691376913769138,double,False,False,1.5,True
281,1271,paired_10,3,0.2734652346523465,0.2051095510955109,-0.2464324643246432,-0.1895693956939569,double,False,False,1.5,True
282,1272,paired_10,4,0.296770467704677,0.229519795197952,-0.2078420784207842,-0.1045060450604506,double,False,False,1.5,True
283,1273,paired_10,5,0.325790757907579,0.2581975819758197,-0.1641066410664106,-0.0141276412764127,double,False,False,1.5,True
284,1274,paired_10,6,0.3488084880848808,0.2820003200032,-0.1204212042120421,0.0642931429314293,double,False,False,1.5,True
285,1275,paired_10,7,0.3262632626326263,0.2546975469754697,-0.4738597385973859,-0.265080150801508,double,False,False,1.5,True
286,1276,paired_10,8,0.267580175801758,0.1942669426694267,-0.507880078800788,-0.4119791197911979,double,False,False,1.5,True
287,1277,paired_10,9,0.1885018850188501,0.1158361583615836,-0.5440004400044001,-0.5824883248832489,double,False,False,1.5,True
288,1278,paired_10,10,0.0944034440344403,0.0244377443774437,-0.4973749737497375,-0.6276237762377623,double,False,False,1.5,True
289,1279,paired_10,11,0.072140721407214,0.0242327423274232,-0.4140791407914079,-0.5228477284772848,double,False,False,1.5,True
290,1280,paired_8,2,0.0031375313753137,0.0016325163251632,-0.2847678476784768,-0.1866793667936679,double,False,False,1.5,True
291,1281,paired_8,3,0.0314978149781497,0.0306853068530685,-0.2473724737247372,-0.1087635876358763,double,False,False,1.5,True
292,1282,paired_8,4,0.061980619806198,0.0607581075810758,-0.2054220542205422,-0.04190041900419,double,False,False,1.5,True
293,1283,paired_8,5,0.0977709777097771,0.0982184821848218,-0.1635316353163531,0.0554280542805428,hit,False,False,1.5,True
294,1284,paired_8,6,0.1286737867378674,0.1287712877128771,-0.1223962239622396,0.1410264102641026,split,False,False,1.5,True
295,1285,paired_8,7,0.1105036050360503,0.1092635926359263,-0.476739767397674,-0.1388838888388884,double,False,False,1.5,True
296,1286,paired_8,8,-0.0325153251532515,-0.02940029400294,-0.513170131701317,-0.284440344403444,hit,False,False,1.5,True
297,1287,paired_8,9,-0.1821243212432124,-0.1799992999929999,-0.5459954599545995,-0.4528995289952899,hit,False,False,1.5,True
298,1288,paired_8,10,-0.2069595695956959,-0.2067195671956719,-0.4966224662246623,-0.5257977579775798,hit,False,False,1.5,True
299,1289,paired_8,11,-0.1830293302933029,-0.1799092990929909,-0.4146141461414614,-0.4462719627196272,hit,False,False,1.5,True
300,1290,paired_6,2,-0.1066085660856608,-0.1082810828108281,-0.2873528735287353,-0.1255512555125551,double,False,False,1.5,True
301,1291,paired_6,3,-0.0680981809818098,-0.068460684606846,-0.2488824888248882,-0.0584255842558425,split,False,False,1.5,True
302,1292,paired_6,4,-0.034990349903499,-0.0366253662536625,-0.2066220662206622,0.013040130401304,split,False,False,1.5,True
303,1293,paired_6,5,0.0029525295252952,0.0021950219502195,-0.1650316503165031,0.0971284712847128,split,False,False,1.5,True
304,1294,paired_6,6,0.041030410304103,0.0425554255542555,-0.1252312523125231,0.1864843648436484,split,False,False,1.5,True
305,1295,paired_6,7,-0.1200637006370063,-0.1203362033620336,-0.4756197561975619,-0.0163276632766327,split,False,False,1.5,True
306,1296,paired_6,8,-0.1821593215932159,-0.1866818668186682,-0.510690106901069,-0.1839668396683967,double,False,False,1.5,True
307,1297,paired_6,9,-0.259980099800998,-0.2600476004760048,-0.5421904219042191,-0.3735787357873579,double,False,False,1.5,True
308,1298,paired_6,10,-0.286770367703677,-0.2874078740787408,-0.4986874868748687,-0.4556195561955619,double,False,False,1.5,True
309,1299,paired_6,11,-0.2346898468984689,-0.2365148651486515,-0.4131316313163131,-0.3957564575645756,double,False,False,1.5,True
310,1300,paired_4,2,-0.077820778207782,-0.0789657896578965,-0.2875178751787517,-0.070820708207082,split,False,False,1.5,True
311,1301,paired_4,3,-0.0457279572795727,-0.04320043200432,-0.2457574575745757,-0.0082450824508245,split,False,False,1.5,True
312,1302,paired_4,4,-0.011180111801118,-0.0098875988759887,-0.2034420344203442,0.0486279862798628,split,False,False,1.5,True
313,1303,paired_4,5,0.0286727867278672,0.029750297502975,-0.1636816368163681,0.1279287792877928,split,False,False,1.5,True
314,1304,paired_4,6,0.0672656726567265,0.0675831758317583,-0.1233312333123331,0.2084845848458484,split,False,False,1.5,True
315,1305,paired_4,7,-0.051380513805138,-0.0505280052800528,-0.474869748697487,0.0407479074790747,split,False,False,1.5,True
316,1306,paired_4,8,-0.1217762177621776,-0.1209762097620976,-0.511610116101161,-0.1237762377623776,hit,False,False,1.5,True
317,1307,paired_4,9,-0.2042895428954289,-0.2019470194701947,-0.5421754217542175,-0.3113831138311383,hit,False,False,1.5,True
318,1308,paired_4,10,-0.2415424154241542,-0.2365798657986579,-0.4974449744497445,-0.4078715787157871,hit,False,False,1.5,True
319,1309,paired_4,11,-0.2028120281202812,-0.2047395473954739,-0.4144416444164441,-0.3642311423114231,double,False,False,1.5,True
320,1310,paired_aces,2,0.1468214682146821,0.080020800208002,-0.2868228682286823,1.3020917709177091,split,False,False,1.5,True
321,1311,paired_aces,3,0.1815768157681576,0.1114786147861478,-0.2456674566745667,1.359051090510905,split,False,False,1.5,True
322,1312,paired_aces,4,0.2082320823208232,0.1416814168141681,-0.2073520735207352,1.410780357803578,split,False,False,1.5,True
323,1313,paired_aces,5,0.2437749377493775,0.1801893018930189,-0.1619416194161941,1.4709334593345933,split,False,False,1.5,True
324,1314,paired_aces,6,0.2822753227532275,0.2148246482464824,-0.1233412334123341,1.5245314953149531,split,False,False,1.5,True
325,1315,paired_aces,7,0.2398823988239882,0.1657716577165771,-0.4756747567475675,1.464849648496485,split,False,False,1.5,True
326,1316,paired_aces,8,0.1698241982419824,0.0942309423094231,-0.5118351183511836,1.3412684126841268,split,False,False,1.5,True
327,1317,paired_aces,9,0.0733482334823348,-0.0020875208752087,-0.5415404154041541,1.1650866508665088,split,False,False,1.5,True
328,1318,paired_aces,10,0.004250042500425,-0.0638381383813838,-0.497189971899719,0.9473657236572366,split,False,False,1.5,True
329,1319,paired_aces,11,0.0039150391503915,-0.0431079310793107,-0.4133541335413354,0.7316348163481635,split,False,False,1.5,True
0,990,20,2,-1.7099520995209951,-0.8549760497604976,0.6376988769887699,,stand,False,False,1.2,True
1,991,20,3,-1.7071220712207122,-0.8535610356103561,0.6473889738897389,,stand,False,False,1.2,True
2,992,20,4,-1.7027170271702716,-0.8513585135851358,0.658359083590836,,stand,False,False,1.2,True
3,993,20,5,-1.7066620666206662,-0.8533310333103331,0.6694516945169452,,stand,False,False,1.2,True
4,994,20,6,-1.7034120341203411,-0.8517060170601706,0.7010620106201062,,stand,False,False,1.2,True
5,995,20,7,-1.701782017820178,-0.8508910089100891,0.7706827068270683,,stand,False,False,1.2,True
6,996,20,8,-1.6988869888698888,-0.8494434944349444,0.7893578935789358,,stand,False,False,1.2,True
7,997,20,9,-1.6997319973199732,-0.8498659986599866,0.7577150771507715,,stand,False,False,1.2,True
8,998,20,10,-1.7186671866718668,-0.8593335933359334,0.4380868808688087,,stand,False,False,1.2,True
9,999,20,11,-1.7991929919299192,-0.8995964959649596,0.1547390473904739,,stand,False,False,1.2,True
10,1000,19,2,-1.4579245792457924,-0.7285272852728527,0.3844338443384434,,stand,False,False,1.2,True
11,1001,19,3,-1.454609546095461,-0.7277247772477725,0.4068715687156871,,stand,False,False,1.2,True
12,1002,19,4,-1.4531845318453185,-0.725129751297513,0.4224442244422444,,stand,False,False,1.2,True
13,1003,19,5,-1.4500445004450044,-0.7248772487724877,0.4344393443934439,,stand,False,False,1.2,True
14,1004,19,6,-1.4434344343443437,-0.7215272152721527,0.4948874488744887,,stand,False,False,1.2,True
15,1005,19,7,-1.4302693026930269,-0.7156446564465645,0.6166861668616687,,stand,False,False,1.2,True
16,1006,19,8,-1.4266342663426634,-0.7132096320963209,0.5953459534595346,,stand,False,False,1.2,True
17,1007,19,9,-1.4268292682926829,-0.7155646556465565,0.288460384603846,,stand,False,False,1.2,True
18,1008,19,10,-1.3477884778847788,-0.6731917319173192,0.058410584105841,,stand,False,False,1.2,True
19,1009,19,11,-1.002840028400284,-0.502980029800298,0.1920894208942089,,stand,False,False,1.2,True
20,1010,18,2,-1.2430124301243013,-0.6223337233372334,0.1226687266872668,,stand,False,False,1.2,True
21,1011,18,3,-1.2378873788737887,-0.6203612036120362,0.1439564395643956,,stand,False,False,1.2,True
22,1012,18,4,-1.2328773287732877,-0.6178286782867829,0.1743817438174381,,stand,False,False,1.2,True
23,1013,18,5,-1.2310023100231002,-0.6154336543365434,0.1992194921949219,,stand,False,False,1.2,True
24,1014,18,6,-1.2142971429714298,-0.6091835918359184,0.2833978339783398,,stand,False,False,1.2,True
25,1015,18,7,-1.1848868488684887,-0.5920534205342053,0.3991389913899139,,stand,False,False,1.2,True
26,1016,18,8,-1.1820468204682046,-0.5915509155091551,0.1077860778607786,,stand,False,False,1.2,True
27,1017,18,9,-1.2275722757227572,-0.6160511605116051,-0.1828593285932859,,stand,False,False,1.2,True
28,1018,18,10,-1.19560195601956,-0.5954084540845408,-0.1615116151161511,,stand,False,False,1.2,True
29,1019,18,11,-0.8713087130871309,-0.4330043300433004,-0.0688731887318873,,stand,False,False,1.2,True
30,1020,17,2,-1.072180721807218,-0.5355478554785548,-0.1543790437904379,,stand,False,False,1.2,True
31,1021,17,3,-1.0603306033060331,-0.5286752867528676,-0.1148061480614806,,stand,False,False,1.2,True
32,1022,17,4,-1.055280552805528,-0.5274802748027481,-0.0809183091830918,,stand,False,False,1.2,True
33,1023,17,5,-1.0485554855548556,-0.5230052300523005,-0.043410434104341,,stand,False,False,1.2,True
34,1024,17,6,-1.015860158601586,-0.5103276032760328,0.0117776177761777,,stand,False,False,1.2,True
35,1025,17,7,-0.971479714797148,-0.4815673156731567,-0.1067285672856728,,stand,False,False,1.2,True
36,1026,17,8,-1.0114151141511416,-0.5059650596505965,-0.3816438164381643,,stand,False,False,1.2,True
37,1027,17,9,-1.1041060410604109,-0.5526355263552636,-0.4218267182671826,,stand,False,False,1.2,True
38,1028,17,10,-1.0789057890578906,-0.5414729147291473,-0.3863513635136351,,stand,False,False,1.2,True
39,1029,17,11,-0.7689076890768908,-0.3857713577135771,-0.3317658176581766,,stand,False,False,1.2,True
40,1030,16,2,-0.9408244082440824,-0.4723097230972309,-0.2931829318293183,,stand,False,False,1.2,True
41,1031,16,3,-0.9280842808428084,-0.4635696356963569,-0.2513525135251352,,stand,False,False,1.2,True
42,1032,16,4,-0.9120341203412036,-0.4575370753707537,-0.2120821208212082,,stand,False,False,1.2,True
43,1033,16,5,-0.8997239972399724,-0.4497719977199772,-0.1687466874668746,,stand,False,False,1.2,True
44,1034,16,6,-0.8641036410364104,-0.4305968059680596,-0.1573465734657346,,stand,False,False,1.2,True
45,1035,16,7,-0.8261232612326124,-0.4151116511165111,-0.4759447594475944,,hit,False,False,1.2,True
46,1036,16,8,-0.9164291642916428,-0.4598345983459834,-0.510070100701007,,hit,False,False,1.2,True
47,1037,16,9,-1.01740017400174,-0.5093925939259393,-0.544560445604456,,hit,False,False,1.2,True
48,1038,16,10,-0.9974249742497424,-0.4992949929499295,-0.498639986399864,,stand,False,False,1.2,True
49,1039,16,11,-0.7164371643716437,-0.3588285882858829,-0.4613846138461384,,hit,False,False,1.2,True
50,1040,15,2,-0.8344283442834428,-0.4167616676166761,-0.2939829398293982,,stand,False,False,1.2,True
51,1041,15,3,-0.8127331273312733,-0.4045415454154542,-0.2529275292752928,,stand,False,False,1.2,True
52,1042,15,4,-0.7889378893788938,-0.3939339393393934,-0.2082570825708257,,stand,False,False,1.2,True
53,1043,15,5,-0.7641526415264153,-0.3856588565885659,-0.1663666636666366,,stand,False,False,1.2,True
54,1044,15,6,-0.7315073150731507,-0.3641186411864118,-0.1537265372653726,,stand,False,False,1.2,True
55,1045,15,7,-0.7457724577245772,-0.3666661666616666,-0.4752447524475244,,hit,False,False,1.2,True
56,1046,15,8,-0.8406534065340654,-0.4156716567165671,-0.5137851378513785,,hit,False,False,1.2,True
57,1047,15,9,-0.9464944649446494,-0.4698996989969899,-0.5454454544545445,,hit,False,False,1.2,True
58,1048,15,10,-0.9303243032430324,-0.466449664496645,-0.4974774747747477,,hit,False,False,1.2,True
59,1049,15,11,-0.6786367863678637,-0.3338258382583826,-0.4600096000960009,,hit,False,False,1.2,True
60,1050,14,2,-0.7249472494724947,-0.3632886328863288,-0.2928179281792818,,stand,False,False,1.2,True
61,1051,14,3,-0.6932769327693277,-0.349370993709937,-0.2523225232252322,,stand,False,False,1.2,True
62,1052,14,4,-0.6685816858168582,-0.3368108681086811,-0.2105771057710577,,stand,False,False,1.2,True
63,1053,14,5,-0.6445664456644566,-0.3207332073320733,-0.1659616596165961,,stand,False,False,1.2,True
64,1054,14,6,-0.5985159851598516,-0.2953729537295373,-0.1527465274652746,,stand,False,False,1.2,True
65,1055,14,7,-0.6659116591165911,-0.3198731987319873,-0.4742047420474204,,hit,False,False,1.2,True
66,1056,14,8,-0.7645476454764548,-0.3704787047870478,-0.5105201052010521,,hit,False,False,1.2,True
67,1057,14,9,-0.8745287452874528,-0.4325993259932599,-0.5406754067540676,,hit,False,False,1.2,True
68,1058,14,10,-0.8683086830868308,-0.4330793307933079,-0.496409964099641,,hit,False,False,1.2,True
69,1059,14,11,-0.6470464704647046,-0.3052680526805268,-0.4600796007960079,,hit,False,False,1.2,True
70,1060,13,2,-0.6157161571615716,-0.3071530715307153,-0.2901029010290102,,stand,False,False,1.2,True
71,1061,13,3,-0.5821808218082181,-0.2920729207292073,-0.2514875148751487,,stand,False,False,1.2,True
72,1062,13,4,-0.5458954589545896,-0.2718727187271872,-0.2122121221212212,,stand,False,False,1.2,True
73,1063,13,5,-0.5141351413514135,-0.2546750467504675,-0.1650766507665076,,stand,False,False,1.2,True
74,1064,13,6,-0.4657696576965769,-0.2324748247482475,-0.1535415354153541,,stand,False,False,1.2,True
75,1065,13,7,-0.58680086800868,-0.2670326703267032,-0.4744047440474405,,hit,False,False,1.2,True
76,1066,13,8,-0.6865818658186582,-0.3236632366323663,-0.5118651186511866,,hit,False,False,1.2,True
77,1067,13,9,-0.8107781077810778,-0.3871413714137141,-0.5409854098540985,,hit,False,False,1.2,True
78,1068,13,10,-0.7997179971799718,-0.3912864128641286,-0.497059970599706,,hit,False,False,1.2,True
79,1069,13,11,-0.6111261112611126,-0.2758352583525835,-0.4621346213462134,,hit,False,False,1.2,True
80,1070,12,2,-0.5049050490504905,-0.2533350333503335,-0.2933979339793398,,hit,False,False,1.2,True
81,1071,12,3,-0.4615296152961529,-0.2330648306483065,-0.2518125181251812,,hit,False,False,1.2,True
82,1072,12,4,-0.4262942629426294,-0.2097420974209742,-0.2098920989209892,,hit,False,False,1.2,True
83,1073,12,5,-0.3869388693886939,-0.1900744007440074,-0.1649916499164991,,stand,False,False,1.2,True
84,1074,12,6,-0.3431934319343193,-0.1714892148921489,-0.1539365393653936,,stand,False,False,1.2,True
85,1075,12,7,-0.500780007800078,-0.2121346213462134,-0.474989749897499,,hit,False,False,1.2,True
86,1076,12,8,-0.6176061760617606,-0.2731577315773157,-0.508380083800838,,hit,False,False,1.2,True
87,1077,12,9,-0.7377423774237742,-0.3379783797837978,-0.5421954219542195,,hit,False,False,1.2,True
88,1078,12,10,-0.7327023270232702,-0.3542960429604296,-0.4958474584745847,,hit,False,False,1.2,True
89,1079,12,11,-0.5752857528575286,-0.2444774447744477,-0.4602996029960299,,hit,False,False,1.2,True
90,1080,11,2,0.4707847078470785,0.2399373993739937,-0.2933379333793338,,double,False,False,1.2,True
91,1081,11,3,0.5242452424524245,0.2604026040260402,-0.2522775227752277,,double,False,False,1.2,True
92,1082,11,4,0.5675356753567535,0.2816053160531605,-0.2100821008210082,,double,False,False,1.2,True
93,1083,11,5,0.6141461414614147,0.3086880868808688,-0.1676816768167681,,double,False,False,1.2,True
94,1084,11,6,0.6673616736167362,0.3329933299332993,-0.1546365463654636,,double,False,False,1.2,True
95,1085,11,7,0.469439694396944,0.2888378883788838,-0.4752997529975299,,double,False,False,1.2,True
96,1086,11,8,0.3522285222852228,0.2326073260732607,-0.509110091100911,,double,False,False,1.2,True
97,1087,11,9,0.2220572205722057,0.1557590575905759,-0.5454454544545445,,double,False,False,1.2,True
98,1088,11,10,0.1550715507155071,0.1087460874608746,-0.4977849778497785,,double,False,False,1.2,True
99,1089,11,11,0.077680776807768,0.0993234932349323,-0.4591470914709147,,hit,False,False,1.2,True
100,1090,10,2,0.3636636366363663,0.1843843438434384,-0.2921279212792128,,double,False,False,1.2,True
101,1091,10,3,0.4082490824908249,0.2102046020460204,-0.2495624956249562,,double,False,False,1.2,True
102,1092,10,4,0.4594445944459444,0.2324673246732467,-0.2088520885208852,,double,False,False,1.2,True
103,1093,10,5,0.5149301493014931,0.2580050800508005,-0.1653366533665336,,double,False,False,1.2,True
104,1094,10,6,0.5771507715077151,0.2877153771537715,-0.1541215412154121,,double,False,False,1.2,True
105,1095,10,7,0.3853238532385324,0.257320073200732,-0.477059770597706,,double,False,False,1.2,True
106,1096,10,8,0.2872378723787238,0.1996119961199612,-0.5125351253512536,,double,False,False,1.2,True
107,1097,10,9,0.1416564165641656,0.1172061720617206,-0.5418354183541836,,double,False,False,1.2,True
108,1098,10,10,-0.0066750667506675,0.0245677456774567,-0.497249972499725,,hit,False,False,1.2,True
109,1099,10,11,-0.0078350783507835,0.057610576105761,-0.4612821128211282,,hit,False,False,1.2,True
110,1100,soft_20,2,0.3573185731857318,0.1811293112931129,0.6371963719637196,,stand,False,False,1.2,True
111,1101,soft_20,3,0.4142591425914259,0.2076970769707697,0.6509615096150961,,stand,False,False,1.2,True
112,1102,soft_20,4,0.4591245912459125,0.2306423064230642,0.6599015990159902,,stand,False,False,1.2,True
113,1103,soft_20,5,0.510420104201042,0.2577625776257762,0.6731517315173152,,stand,False,False,1.2,True
114,1104,soft_20,6,0.5790007900079001,0.288150381503815,0.7040370403704037,,stand,False,False,1.2,True
115,1105,soft_20,7,0.3922439224392244,0.256020060200602,0.7722277222772228,,stand,False,False,1.2,True
116,1106,soft_20,8,0.2892178921789218,0.1955819558195582,0.7914029140291403,,stand,False,False,1.2,True
117,1107,soft_20,9,0.1419164191641916,0.1165411654116541,0.7568725687256873,,stand,False,False,1.2,True
118,1108,soft_20,10,-0.0070000700007,0.023460234602346,0.5125451254512545,,stand,False,False,1.2,True
119,1109,soft_20,11,-0.0051050510505105,0.0586255862558625,0.453829538295383,,stand,False,False,1.2,True
120,1110,soft_19,2,0.2403974039740397,0.1233812338123381,0.3841888418884189,,stand,False,False,1.2,True
121,1111,soft_19,3,0.2962129621296213,0.1515390153901539,0.4037715377153771,,stand,False,False,1.2,True
122,1112,soft_19,4,0.3536835368353683,0.1737592375923759,0.4228092280922809,,stand,False,False,1.2,True
123,1113,soft_19,5,0.4025440254402544,0.2059095590955909,0.4392118921189212,,stand,False,False,1.2,True
124,1114,soft_19,6,0.477029770297703,0.2366373663736637,0.4975124751247513,,stand,False,False,1.2,True
125,1115,soft_19,7,0.3226532265322653,0.2202847028470284,0.6167436674366744,,stand,False,False,1.2,True
126,1116,soft_19,8,0.1932119321193212,0.1512140121401214,0.5939384393843938,,stand,False,False,1.2,True
127,1117,soft_19,9,-0.069820698206982,0.0064975649756497,0.2874128741287413,,stand,False,False,1.2,True
128,1118,soft_19,10,-0.2126821268212682,-0.0802283022830228,0.059130591305913,,stand,False,False,1.2,True
129,1119,soft_19,11,-0.1299362993629936,-0.0033675336753367,0.1908369083690836,,stand,False,False,1.2,True
130,1120,soft_18,2,0.1181661816618166,0.0630231302313023,0.1212762127621276,,stand,False,False,1.2,True
131,1121,soft_18,3,0.1781467814678146,0.0908359083590835,0.1470289702897029,,double,False,False,1.2,True
132,1122,soft_18,4,0.2361273612736127,0.1178761787617876,0.1757742577425774,,double,False,False,1.2,True
133,1123,soft_18,5,0.2948079480794808,0.1477714777147771,0.1990694906949069,,double,False,False,1.2,True
134,1124,soft_18,6,0.3793387933879338,0.1917419174191741,0.2830753307533075,,double,False,False,1.2,True
135,1125,soft_18,7,0.2132321323213232,0.1700792007920079,0.3996589965899659,,stand,False,False,1.2,True
136,1126,soft_18,8,-0.0292252922529225,0.0402154021540215,0.1095810958109581,,stand,False,False,1.2,True
137,1127,soft_18,9,-0.2851428514285143,-0.1000535005350053,-0.1821718217182172,,hit,False,False,1.2,True
138,1128,soft_18,10,-0.3159831598315983,-0.1321238212382123,-0.1653366533665336,,hit,False,False,1.2,True
139,1129,soft_18,11,-0.2490624906249062,-0.06570065700657,-0.0714557145571455,,hit,False,False,1.2,True
140,1130,soft_17,2,-0.0067650676506765,0.0001425014250142,-0.1519340193401934,,hit,False,False,1.2,True
141,1131,soft_17,3,0.053230532305323,0.0314828148281482,-0.1186311863118631,,double,False,False,1.2,True
142,1132,soft_17,4,0.1198211982119821,0.061410614106141,-0.0824658246582465,,double,False,False,1.2,True
143,1133,soft_17,5,0.1816118161181611,0.0970959709597096,-0.043490434904349,,double,False,False,1.2,True
144,1134,soft_17,6,0.2526075260752607,0.1330038300383003,0.0116476164761647,,double,False,False,1.2,True
145,1135,soft_17,7,-0.012410124101241,0.0544380443804438,-0.1076285762857628,,hit,False,False,1.2,True
146,1136,soft_17,8,-0.2480924809248092,-0.0776282762827628,-0.3846438464384644,,hit,False,False,1.2,True
147,1137,soft_17,9,-0.4013290132901329,-0.1515515155151551,-0.4222092220922209,,hit,False,False,1.2,True
148,1138,soft_17,10,-0.4227492274922749,-0.1826068260682606,-0.3858088580885809,,hit,False,False,1.2,True
149,1139,soft_17,11,-0.3679036790367904,-0.1247962479624796,-0.3314333143331433,,hit,False,False,1.2,True
150,1140,soft_16,2,-0.0768257682576825,-0.021150211502115,-0.2938679386793868,,hit,False,False,1.2,True
151,1141,soft_16,3,-0.006240062400624,0.0106251062510625,-0.2541225412254123,,hit,False,False,1.2,True
152,1142,soft_16,4,0.0534655346553465,0.0457154571545715,-0.2116221162211622,,double,False,False,1.2,True
153,1143,soft_16,5,0.1280012800128001,0.0885833858338583,-0.1679716797167971,,double,False,False,1.2,True
154,1144,soft_16,6,0.1792717927179271,0.1118986189861898,-0.1499114991149911,,double,False,False,1.2,True
155,1145,soft_16,7,-0.1855118551185511,-0.0031375313753137,-0.4747347473474734,,hit,False,False,1.2,True
156,1146,soft_16,8,-0.3144881448814488,-0.066620666206662,-0.51080010800108,,hit,False,False,1.2,True
157,1147,soft_16,9,-0.4576195761957619,-0.1445264452644526,-0.540750407504075,,hit,False,False,1.2,True
158,1148,soft_16,10,-0.4748497484974849,-0.1913794137941379,-0.4970424704247042,,hit,False,False,1.2,True
159,1149,soft_16,11,-0.4290792907929079,-0.1136511365113651,-0.4615571155711557,,hit,False,False,1.2,True
160,1150,soft_15,2,-0.073280732807328,-0.002380023800238,-0.2925079250792508,,hit,False,False,1.2,True
161,1151,soft_15,3,-0.0056650566505665,0.0324178241782417,-0.2498974989749897,,hit,False,False,1.2,True
162,1152,soft_15,4,0.0529055290552905,0.066250662506625,-0.2094870948709487,,hit,False,False,1.2,True
163,1153,soft_15,5,0.1239512395123951,0.1098960989609896,-0.1654366543665436,,double,False,False,1.2,True
164,1154,soft_15,6,0.1838418384183842,0.1383188831888319,-0.1544965449654496,,double,False,False,1.2,True
165,1155,soft_15,7,-0.1780617806178061,0.0374178741787417,-0.4760897608976089,,hit,False,False,1.2,True
166,1156,soft_15,8,-0.3167531675316753,-0.025460254602546,-0.509340093400934,,hit,False,False,1.2,True
167,1157,soft_15,9,-0.449129491294913,-0.1136611366113661,-0.5448054480544805,,hit,False,False,1.2,True
168,1158,soft_15,10,-0.4725997259972599,-0.1605791057910579,-0.4960324603246032,,hit,False,False,1.2,True
169,1159,soft_15,11,-0.4316243162431624,-0.0918859188591885,-0.4613271132711327,,hit,False,False,1.2,True
170,1160,soft_14,2,-0.0745057450574505,0.0205252052520525,-0.2940679406794068,,hit,False,False,1.2,True
171,1161,soft_14,3,-0.007110071100711,0.0565355653556535,-0.2512825128251282,,hit,False,False,1.2,True
172,1162,soft_14,4,0.054730547305473,0.0927059270592706,-0.2117271172711727,,hit,False,False,1.2,True
173,1163,soft_14,5,0.1218962189621896,0.1305988059880598,-0.1691166911669116,,hit,False,False,1.2,True
174,1164,soft_14,6,0.1858368583685836,0.1669541695416954,-0.1532015320153201,,double,False,False,1.2,True
175,1165,soft_14,7,-0.1833418334183341,0.0816733167331673,-0.4747047470474704,,hit,False,False,1.2,True
176,1166,soft_14,8,-0.3152181521815218,0.0128826288262882,-0.507850078500785,,hit,False,False,1.2,True
177,1167,soft_14,9,-0.4473294732947329,-0.0747882478824788,-0.542340423404234,,hit,False,False,1.2,True
178,1168,soft_14,10,-0.4758297582975829,-0.1291287912879128,-0.4988624886248862,,hit,False,False,1.2,True
179,1169,soft_14,11,-0.4355793557935579,-0.0644531445314453,-0.462029620296203,,hit,False,False,1.2,True
180,1170,soft_13,2,-0.0780057800578005,0.0442829428294282,-0.2929179291792917,,hit,False,False,1.2,True
181,1171,soft_13,3,-0.0103851038510385,0.080870808708087,-0.2521525215252153,,hit,False,False,1.2,True
182,1172,soft_13,4,0.0532155321553215,0.1126236262362623,-0.2101471014710147,,hit,False,False,1.2,True
183,1173,soft_13,5,0.1253412534125341,0.1581565815658156,-0.1666316663166631,,hit,False,False,1.2,True
184,1174,soft_13,6,0.1813168131681316,0.1903394033940339,-0.1553365533655336,,hit,False,False,1.2,True
185,1175,soft_13,7,-0.1791567915679156,0.1208612086120861,-0.4742447424474245,,hit,False,False,1.2,True
186,1176,soft_13,8,-0.3099230992309923,0.054840548405484,-0.5085350853508535,,hit,False,False,1.2,True
187,1177,soft_13,9,-0.4588345883458835,-0.0387628876288762,-0.5432654326543266,,hit,False,False,1.2,True
188,1178,soft_13,10,-0.4718397183971839,-0.0956684566845668,-0.4993574935749357,,hit,False,False,1.2,True
189,1179,soft_13,11,-0.4352193521935219,-0.0400229002290022,-0.4624496244962449,,hit,False,False,1.2,True
190,1180,9,2,0.0627556275562755,0.0933184331843318,-0.2954729547295473,,hit,False,False,1.2,True
191,1181,9,3,0.1214012140121401,0.1206812068120681,-0.2535525355253552,,double,False,False,1.2,True
192,1182,9,4,0.1827718277182771,0.1526140261402614,-0.2084220842208422,,double,False,False,1.2,True
193,1183,9,5,0.2448174481744817,0.1831018310183101,-0.1671416714167141,,double,False,False,1.2,True
194,1184,9,6,0.3154231542315423,0.2195996959969599,-0.1554565545655456,,double,False,False,1.2,True
195,1185,9,7,0.1096010960109601,0.1865868658686587,-0.4729347293472934,,hit,False,False,1.2,True
196,1186,9,8,-0.032860328603286,0.1053610536105361,-0.513680136801368,,hit,False,False,1.2,True
197,1187,9,9,-0.3007580075800758,-0.045120451204512,-0.5393653936539365,,hit,False,False,1.2,True
198,1188,9,10,-0.4209442094420944,-0.1350813508135081,-0.5009450094500945,,hit,False,False,1.2,True
199,1189,9,11,-0.3002730027300273,-0.0459154591545915,-0.4597920979209792,,hit,False,False,1.2,True
200,1190,8,2,-0.2034720347203472,0.0119326193261932,-0.2936179361793617,,hit,False,False,1.2,True
201,1191,8,3,-0.1361813618136181,0.0458029580295802,-0.2521675216752168,,hit,False,False,1.2,True
202,1192,8,4,-0.06740067400674,0.0816358163581635,-0.2119921199211992,,hit,False,False,1.2,True
203,1193,8,5,0.0008750087500875,0.1142686426864268,-0.1656916569165691,,hit,False,False,1.2,True
204,1194,8,6,0.086730867308673,0.1634266342663426,-0.1554815548155481,,hit,False,False,1.2,True
205,1195,8,7,-0.1895818958189581,0.1056185561855618,-0.4763097630976309,,hit,False,False,1.2,True
206,1196,8,8,-0.452339523395234,-0.0408254082540825,-0.509590095900959,,hit,False,False,1.2,True
207,1197,8,9,-0.7205372053720537,-0.1984269842698427,-0.5410804108041081,,hit,False,False,1.2,True
208,1198,8,10,-0.6845318453184532,-0.2254547545475455,-0.4998924989249892,,hit,False,False,1.2,True
209,1199,8,11,-0.554640546405464,-0.1359363593635936,-0.4614546145461454,,hit,False,False,1.2,True
210,1200,7,2,-0.4378293782937829,-0.0759232592325923,-0.2935579355793558,,hit,False,False,1.2,True
211,1201,7,3,-0.3577835778357783,-0.0375353753537535,-0.2494924949249492,,hit,False,False,1.2,True
212,1202,7,4,-0.2830378303783037,0.004340043400434,-0.2078770787707877,,hit,False,False,1.2,True
213,1203,7,5,-0.2019070190701907,0.05150051500515,-0.1685666856668566,,hit,False,False,1.2,True
214,1204,7,6,-0.1370263702637026,0.0930534305343053,-0.1510915109151091,,hit,False,False,1.2,True
215,1205,7,7,-0.588490884908849,-0.0427779277792777,-0.4772547725477254,,hit,False,False,1.2,True
216,1206,7,8,-0.8489134891348914,-0.1924244242442424,-0.5115951159511595,,hit,False,False,1.2,True
217,1207,7,9,-0.9571245712457124,-0.2772827728277283,-0.544920449204492,,hit,False,False,1.2,True
218,1208,7,10,-0.8804088040880409,-0.2911029110291103,-0.4978274782747827,,hit,False,False,1.2,True
219,1209,7,11,-0.7847328473284733,-0.2144971449714497,-0.4617821178211782,,hit,False,False,1.2,True
220,1210,6,2,-0.5699556995569955,-0.1072010720107201,-0.2946479464794648,,hit,False,False,1.2,True
221,1211,6,3,-0.4825998259982599,-0.0631781317813178,-0.2477074770747707,,hit,False,False,1.2,True
222,1212,6,4,-0.4002640026400264,-0.0222277222772227,-0.2096970969709697,,hit,False,False,1.2,True
223,1213,6,5,-0.3146381463814638,0.028140281402814,-0.1663316633166331,,hit,False,False,1.2,True
224,1214,6,6,-0.2827978279782798,0.0564730647306473,-0.1563115631156311,,hit,False,False,1.2,True
225,1215,6,7,-0.8935839358393584,-0.1273112731127311,-0.4746547465474655,,hit,False,False,1.2,True
226,1216,6,8,-1.0009050090500906,-0.1966394663946639,-0.509630096300963,,hit,False,False,1.2,True
227,1217,6,9,-1.067020670206702,-0.2805928059280593,-0.541160411604116,,hit,False,False,1.2,True
228,1218,6,10,-0.9795947959479596,-0.304660546605466,-0.498089980899809,,hit,False,False,1.2,True
229,1219,6,11,-0.8990989909899099,-0.2101221012210122,-0.4613246132461324,,hit,False,False,1.2,True
230,1220,5,2,-0.5879958799587995,-0.090620906209062,-0.2940229402294023,,hit,False,False,1.2,True
231,1221,5,3,-0.5022750227502275,-0.0525380253802538,-0.2542875428754287,,hit,False,False,1.2,True
232,1222,5,4,-0.4248442484424844,-0.0105126051260512,-0.2129121291212912,,hit,False,False,1.2,True
233,1223,5,5,-0.3456234562345623,0.0384078840788407,-0.1662916629166291,,hit,False,False,1.2,True
234,1224,5,6,-0.3083330833308333,0.0721557215572155,-0.1504715047150471,,hit,False,False,1.2,True
235,1225,5,7,-0.950669506695067,-0.0902734027340273,-0.4744547445474454,,hit,False,False,1.2,True
236,1226,5,8,-1.021760217602176,-0.1704417044170441,-0.508680086800868,,hit,False,False,1.2,True
237,1227,5,9,-1.083410834108341,-0.2582275822758227,-0.542370423704237,,hit,False,False,1.2,True
238,1228,5,10,-0.991659916599166,-0.282030320303203,-0.4975149751497515,,hit,False,False,1.2,True
239,1229,5,11,-0.9199541995419954,-0.1934919349193491,-0.4616946169461695,,hit,False,False,1.2,True
240,1230,paired_18,2,-1.3225832258322583,-0.6246737467374673,0.1118311183111831,0.1993669936699367,split,False,False,1.2,True
241,1231,paired_18,3,-1.3227957279572795,-0.6242312423124231,0.1380038800388003,0.259820098200982,split,False,False,1.2,True
242,1232,paired_18,4,-1.322140721407214,-0.6190711907119071,0.1648116481164811,0.3210132101321013,split,False,False,1.2,True
243,1233,paired_18,5,-1.317730677306773,-0.6164636646366464,0.1951494514945149,0.3822663226632266,split,False,False,1.2,True
244,1234,paired_18,6,-1.312390623906239,-0.6153861538615386,0.2235447354473544,0.4490469904699047,split,False,False,1.2,True
245,1235,paired_18,7,-1.2890778907789078,-0.5906734067340673,0.4007915079150791,0.3840363403634036,stand,False,False,1.2,True
246,1236,paired_18,8,-1.288580385803858,-0.5893258932589326,0.1063635636356363,0.264820148201482,split,False,False,1.2,True
247,1237,paired_18,9,-1.311280612806128,-0.6154211542115421,-0.1820193201932019,-0.0363778637786377,split,False,False,1.2,True
248,1238,paired_18,10,-1.2390423904239043,-0.5987959879598796,-0.1629116291162911,-0.2545250452504525,stand,False,False,1.2,True
249,1239,paired_18,11,-0.9271292712927128,-0.4435244352443524,-0.1558540585405854,-0.1742167421674216,stand,False,False,1.2,True
250,1240,paired_16,2,-1.0209977099770997,-0.473179731797318,-0.2890778907789078,0.0535230352303523,split,False,False,1.2,True
251,1241,paired_16,3,-1.0153126531265313,-0.4663446634466344,-0.2464024640246402,0.1227487274872748,split,False,False,1.2,True
252,1242,paired_16,4,-1.0017525175251754,-0.4560170601706017,-0.2073070730707307,0.1897893978939789,split,False,False,1.2,True
253,1243,paired_16,5,-0.99639996399964,-0.4505970059700597,-0.1652816528165281,0.2573650736507365,split,False,False,1.2,True
254,1244,paired_16,6,-0.989989899898999,-0.4421219212192122,-0.1220362203622036,0.328340783407834,split,False,False,1.2,True
255,1245,paired_16,7,-0.956139561395614,-0.4135516355163551,-0.473789737897379,0.3364058640586406,split,False,False,1.2,True
256,1246,paired_16,8,-1.0012725127251272,-0.4576995769957699,-0.509720097200972,0.008310083100831,split,False,False,1.2,True
257,1247,paired_16,9,-1.0512355123551236,-0.5070225702257023,-0.5408054080540805,-0.3372983729837298,split,False,False,1.2,True
258,1248,paired_16,10,-0.996869968699687,-0.4978249782497825,-0.499249992499925,-0.4104841048410484,split,False,False,1.2,True
259,1249,paired_16,11,-0.75590005900059,-0.3770212702127021,-0.4144391443914439,-0.3623636236362363,split,False,False,1.2,True
260,1250,paired_14,2,-0.7548925489254893,-0.3636911369113691,-0.2878078780787808,-0.1378063780637806,split,False,False,1.2,True
261,1251,paired_14,3,-0.7472824728247283,-0.3481334813348133,-0.2467474674746747,-0.0762382623826238,split,False,False,1.2,True
262,1252,paired_14,4,-0.727489774897749,-0.3372708727087271,-0.2076170761707617,0.004640046400464,split,False,False,1.2,True
263,1253,paired_14,5,-0.7098270982709827,-0.3196031960319603,-0.1633066330663306,0.0820033200332003,split,False,False,1.2,True
264,1254,paired_14,6,-0.6983644836448365,-0.3094055940559405,-0.1202812028120281,0.1619941199411994,split,False,False,1.2,True
265,1255,paired_14,7,-0.7152746527465275,-0.3194206942069421,-0.4764697646976469,-0.0296552965529655,split,False,False,1.2,True
266,1256,paired_14,8,-0.762220122201222,-0.3711887118871189,-0.5078450784507845,-0.3558035580355803,split,False,False,1.2,True
267,1257,paired_14,9,-0.8174131741317413,-0.4300368003680037,-0.5421554215542156,-0.5277077770777707,hit,False,False,1.2,True
268,1258,paired_14,10,-0.7863728637286372,-0.4289167891678916,-0.500480004800048,-0.5616956169561695,hit,False,False,1.2,True
269,1259,paired_14,11,-0.5938959389593896,-0.3262607626076261,-0.4128316283162832,-0.5140526405264053,hit,False,False,1.2,True
270,1260,paired_12,2,-0.4963124631246312,-0.254310043100431,-0.2844278442784428,-0.2096220962209622,split,False,False,1.2,True
271,1261,paired_12,3,-0.4724172241722417,-0.2305973059730597,-0.2464674646746467,-0.1149661496614966,split,False,False,1.2,True
272,1262,paired_12,4,-0.4521045210452104,-0.2119521195211952,-0.2062570625706257,-0.0493529935299353,split,False,False,1.2,True
273,1263,paired_12,5,-0.4305268052680527,-0.1915644156441564,-0.1651716517165171,0.0361053610536105,split,False,False,1.2,True
274,1264,paired_12,6,-0.4071840718407184,-0.1684366843668436,-0.1186361863618636,0.1173261732617326,split,False,False,1.2,True
275,1265,paired_12,7,-0.4508095080950809,-0.2133246332463324,-0.4766447664476644,-0.2432124321243212,hit,False,False,1.2,True
276,1266,paired_12,8,-0.5102351023510235,-0.2709327093270933,-0.5076550765507655,-0.3855713557135571,hit,False,False,1.2,True
277,1267,paired_12,9,-0.5785032850328503,-0.3414709147091471,-0.542930429304293,-0.55670056700567,hit,False,False,1.2,True
278,1268,paired_12,10,-0.5654231542315423,-0.3517535175351753,-0.4974174741747417,-0.6156586565865658,hit,False,False,1.2,True
279,1269,paired_12,11,-0.4349643496434964,-0.2685751857518575,-0.4124166241662416,-0.5050625506255062,hit,False,False,1.2,True
280,1270,paired_10,2,0.2487724877248772,0.1826818268182682,-0.2861828618286183,-0.2691376913769138,double,False,False,1.2,True
281,1271,paired_10,3,0.2734652346523465,0.2051095510955109,-0.2464324643246432,-0.1895693956939569,double,False,False,1.2,True
282,1272,paired_10,4,0.296770467704677,0.229519795197952,-0.2078420784207842,-0.1045060450604506,double,False,False,1.2,True
283,1273,paired_10,5,0.325790757907579,0.2581975819758197,-0.1641066410664106,-0.0141276412764127,double,False,False,1.2,True
284,1274,paired_10,6,0.3488084880848808,0.2820003200032,-0.1204212042120421,0.0642931429314293,double,False,False,1.2,True
285,1275,paired_10,7,0.3262632626326263,0.2546975469754697,-0.4738597385973859,-0.265080150801508,double,False,False,1.2,True
286,1276,paired_10,8,0.267580175801758,0.1942669426694267,-0.507880078800788,-0.4119791197911979,double,False,False,1.2,True
287,1277,paired_10,9,0.1885018850188501,0.1158361583615836,-0.5440004400044001,-0.5824883248832489,double,False,False,1.2,True
288,1278,paired_10,10,0.0944034440344403,0.0244377443774437,-0.4973749737497375,-0.6276237762377623,double,False,False,1.2,True
289,1279,paired_10,11,0.072140721407214,0.0242327423274232,-0.4140791407914079,-0.5228477284772848,double,False,False,1.2,True
290,1280,paired_8,2,0.0031375313753137,0.0016325163251632,-0.2847678476784768,-0.1866793667936679,double,False,False,1.2,True
291,1281,paired_8,3,0.0314978149781497,0.0306853068530685,-0.2473724737247372,-0.1087635876358763,double,False,False,1.2,True
292,1282,paired_8,4,0.061980619806198,0.0607581075810758,-0.2054220542205422,-0.04190041900419,double,False,False,1.2,True
293,1283,paired_8,5,0.0977709777097771,0.0982184821848218,-0.1635316353163531,0.0554280542805428,hit,False,False,1.2,True
294,1284,paired_8,6,0.1286737867378674,0.1287712877128771,-0.1223962239622396,0.1410264102641026,split,False,False,1.2,True
295,1285,paired_8,7,0.1105036050360503,0.1092635926359263,-0.476739767397674,-0.1388838888388884,double,False,False,1.2,True
296,1286,paired_8,8,-0.0325153251532515,-0.02940029400294,-0.513170131701317,-0.284440344403444,hit,False,False,1.2,True
297,1287,paired_8,9,-0.1821243212432124,-0.1799992999929999,-0.5459954599545995,-0.4528995289952899,hit,False,False,1.2,True
298,1288,paired_8,10,-0.2069595695956959,-0.2067195671956719,-0.4966224662246623,-0.5257977579775798,hit,False,False,1.2,True
299,1289,paired_8,11,-0.1830293302933029,-0.1799092990929909,-0.4146141461414614,-0.4462719627196272,hit,False,False,1.2,True
300,1290,paired_6,2,-0.1066085660856608,-0.1082810828108281,-0.2873528735287353,-0.1255512555125551,double,False,False,1.2,True
301,1291,paired_6,3,-0.0680981809818098,-0.068460684606846,-0.2488824888248882,-0.0584255842558425,split,False,False,1.2,True
302,1292,paired_6,4,-0.034990349903499,-0.0366253662536625,-0.2066220662206622,0.013040130401304,split,False,False,1.2,True
303,1293,paired_6,5,0.0029525295252952,0.0021950219502195,-0.1650316503165031,0.0971284712847128,split,False,False,1.2,True
304,1294,paired_6,6,0.041030410304103,0.0425554255542555,-0.1252312523125231,0.1864843648436484,split,False,False,1.2,True
305,1295,paired_6,7,-0.1200637006370063,-0.1203362033620336,-0.4756197561975619,-0.0163276632766327,split,False,False,1.2,True
306,1296,paired_6,8,-0.1821593215932159,-0.1866818668186682,-0.510690106901069,-0.1839668396683967,double,False,False,1.2,True
307,1297,paired_6,9,-0.259980099800998,-0.2600476004760048,-0.5421904219042191,-0.3735787357873579,double,False,False,1.2,True
308,1298,paired_6,10,-0.286770367703677,-0.2874078740787408,-0.4986874868748687,-0.4556195561955619,double,False,False,1.2,True
309,1299,paired_6,11,-0.2346898468984689,-0.2365148651486515,-0.4131316313163131,-0.3957564575645756,double,False,False,1.2,True
310,1300,paired_4,2,-0.077820778207782,-0.0789657896578965,-0.2875178751787517,-0.070820708207082,split,False,False,1.2,True
311,1301,paired_4,3,-0.0457279572795727,-0.04320043200432,-0.2457574575745757,-0.0082450824508245,split,False,False,1.2,True
312,1302,paired_4,4,-0.011180111801118,-0.0098875988759887,-0.2034420344203442,0.0486279862798628,split,False,False,1.2,True
313,1303,paired_4,5,0.0286727867278672,0.029750297502975,-0.1636816368163681,0.1279287792877928,split,False,False,1.2,True
314,1304,paired_4,6,0.0672656726567265,0.0675831758317583,-0.1233312333123331,0.2084845848458484,split,False,False,1.2,True
315,1305,paired_4,7,-0.051380513805138,-0.0505280052800528,-0.474869748697487,0.0407479074790747,split,False,False,1.2,True
316,1306,paired_4,8,-0.1217762177621776,-0.1209762097620976,-0.511610116101161,-0.1237762377623776,hit,False,False,1.2,True
317,1307,paired_4,9,-0.2042895428954289,-0.2019470194701947,-0.5421754217542175,-0.3113831138311383,hit,False,False,1.2,True
318,1308,paired_4,10,-0.2415424154241542,-0.2365798657986579,-0.4974449744497445,-0.4078715787157871,hit,False,False,1.2,True
319,1309,paired_4,11,-0.2028120281202812,-0.2047395473954739,-0.4144416444164441,-0.3642311423114231,double,False,False,1.2,True
320,1310,paired_aces,2,0.1468214682146821,0.080020800208002,-0.2868228682286823,1.3020917709177091,split,False,False,1.2,True
321,1311,paired_aces,3,0.1815768157681576,0.1114786147861478,-0.2456674566745667,1.359051090510905,split,False,False,1.2,True
322,1312,paired_aces,4,0.2082320823208232,0.1416814168141681,-0.2073520735207352,1.410780357803578,split,False,False,1.2,True
323,1313,paired_aces,5,0.2437749377493775,0.1801893018930189,-0.1619416194161941,1.4709334593345933,split,False,False,1.2,True
324,1314,paired_aces,6,0.2822753227532275,0.2148246482464824,-0.1233412334123341,1.5245314953149531,split,False,False,1.2,True
325,1315,paired_aces,7,0.2398823988239882,0.1657716577165771,-0.4756747567475675,1.464849648496485,split,False,False,1.2,True
326,1316,paired_aces,8,0.1698241982419824,0.0942309423094231,-0.5118351183511836,1.3412684126841268,split,False,False,1.2,True
327,1317,paired_aces,9,0.0733482334823348,-0.0020875208752087,-0.5415404154041541,1.1650866508665088,split,False,False,1.2,True
328,1318,paired_aces,10,0.004250042500425,-0.0638381383813838,-0.497189971899719,0.9473657236572366,split,False,False,1.2,True
329,1319,paired_aces,11,0.0039150391503915,-0.0431079310793107,-0.4133541335413354,0.7316348163481635,split,False,False,1.2,True
